LIMIT_BAL,AGE,PAY_0,PAY_2,PAY_3,PAY_4,PAY_5,PAY_6,BILL_AMT1,BILL_AMT2,BILL_AMT3,BILL_AMT4,BILL_AMT5,BILL_AMT6,PAY_AMT1,PAY_AMT2,PAY_AMT3,PAY_AMT4,PAY_AMT5,PAY_AMT6,default.payment.next.month
230000.0,24,-1,-1,-1,0,0,-1,35000.0,35000.0,44884.0,10086.0,6905.0,237.0,35000.0,44884.0,202.0,405.0,237.0,3566.0,0
430000.0,43,-1,-1,-1,0,0,0,8894.0,11198.0,14861.0,13846.0,13451.0,16162.0,11198.0,14861.0,1400.0,951.0,14082.0,14482.0,0
200000.0,31,0,0,0,0,0,0,173103.0,176817.0,180416.0,184018.0,188151.0,199766.0,6500.0,6546.0,6600.0,7100.0,15000.0,0.0,0
90000.0,49,-1,2,2,0,0,0,69380.0,70886.0,69402.0,1332.0,1604.0,958.0,2800.0,0.0,0.0,272.0,166.0,3756.0,0
200000.0,32,-1,-1,-1,-1,-1,-1,11494.0,9085.0,5455.0,26975.0,8734.0,10756.0,9139.0,5481.0,27110.0,29889.0,10809.0,2648.0,0
150000.0,28,0,0,0,0,0,0,22943.0,18989.0,19961.0,16549.0,14227.0,15380.0,1335.0,1307.0,1178.0,1500.0,1500.0,1000.0,0
180000.0,28,1,-1,-1,-1,-1,-1,0.0,652.0,0.0,326.0,2005.0,474.0,652.0,0.0,326.0,2005.0,474.0,326.0,0
140000.0,26,0,0,-2,-2,-1,0,75000.0,0.0,0.0,0.0,51571.0,55731.0,0.0,0.0,0.0,51571.0,5001.0,3001.0,0
100000.0,34,1,2,2,2,2,2,46092.0,45074.0,48287.0,49091.0,50149.0,51176.0,0.0,3978.0,1900.0,2000.0,2000.0,0.0,0
240000.0,40,-1,-1,-1,-1,-1,-1,626.0,626.0,626.0,626.0,626.0,626.0,626.0,626.0,626.0,626.0,626.0,626.0,0
80000.0,25,0,0,0,0,0,0,79986.0,80012.0,78748.0,76722.0,70370.0,64510.0,3000.0,3010.0,2700.0,2300.0,2500.0,2000.0,0
290000.0,42,0,0,0,0,0,0,154753.0,122241.0,113434.0,115273.0,97040.0,89942.0,7000.0,6000.0,5000.0,5000.0,4000.0,3000.0,0
50000.0,34,1,-2,-2,-2,-2,-2,0.0,0.0,0.0,0.0,0.0,0.0,0.0,0.0,0.0,0.0,0.0,0.0,0
80000.0,41,0,0,0,0,0,0,81070.0,63610.0,58099.0,52599.0,52519.0,46945.0,2385.0,5028.0,21595.0,5541.0,1507.0,3062.0,0
360000.0,44,0,0,0,0,0,0,347696.0,329864.0,322159.0,289377.0,146946.0,130085.0,20000.0,20009.0,30000.0,10000.0,10000.0,10000.0,0
160000.0,29,0,0,0,0,0,0,128809.0,127595.0,115094.0,111678.0,105336.0,104306.0,5000.0,4000.0,5000.0,4000.0,3603.0,4200.0,0
180000.0,24,0,0,0,0,0,0,64800.0,66747.0,67227.0,68398.0,70409.0,71408.0,4000.0,2600.0,2000.0,3000.0,2025.0,4791.0,0
60000.0,22,0,0,0,0,0,0,57484.0,59521.0,59674.0,56018.0,36350.0,18203.0,3000.0,3000.0,1500.0,790.0,1000.0,1000.0,0
50000.0,28,0,0,-1,-1,-1,-1,3377.0,4256.0,4207.0,694.0,238.0,0.0,1000.0,4207.0,694.0,238.0,0.0,0.0,0
250000.0,30,0,0,2,0,0,2,77245.0,84828.0,82228.0,83116.0,87990.0,86564.0,8722.0,0.0,3010.0,6249.0,0.0,3212.0,0
90000.0,47,0,0,0,0,0,0,81902.0,71768.0,72163.0,27124.0,27724.0,28724.0,3274.0,2271.0,1400.0,1000.0,1000.0,1000.0,0
10000.0,35,0,0,0,0,0,0,7026.0,8106.0,9363.0,9559.0,9855.0,10042.0,1200.0,1400.0,500.0,600.0,500.0,200.0,0
140000.0,41,0,0,0,0,0,2,185948.0,170133.0,155737.0,140586.0,136641.0,117308.0,6088.0,5677.0,4797.0,15414.0,0.0,2330.0,0
150000.0,33,-1,0,0,-2,-2,-2,10544.0,11982.0,-18.0,-18.0,-18.0,-18.0,2000.0,0.0,0.0,0.0,0.0,0.0,0
100000.0,23,0,-1,-1,0,0,-1,11876.0,380.0,601.0,221.0,-159.0,567.0,380.0,601.0,0.0,581.0,1687.0,1542.0,0
480000.0,33,-1,-1,0,0,0,-1,57732.0,55379.0,71063.0,60155.0,66078.0,64958.0,55614.0,47003.0,30171.0,40282.0,115224.0,12973.0,0
80000.0,27,0,0,2,0,0,0,77111.0,81555.0,72868.0,55780.0,53523.0,54679.0,6384.0,0.0,2100.0,2100.0,2200.0,2200.0,0
200000.0,31,-1,-1,-1,-1,-1,-1,4938.0,2277.0,1209.0,0.0,1440.0,0.0,2286.0,2712.0,0.0,1440.0,0.0,0.0,0
360000.0,42,0,-1,-1,-1,-1,-2,10000.0,10000.0,141.0,7054.0,-2946.0,-2946.0,10000.0,141.0,7054.0,1941.0,0.0,0.0,0
150000.0,27,0,0,-1,-1,0,0,61606.0,61950.0,200.0,51099.0,24487.0,17624.0,5000.0,200.0,52399.0,5063.0,1500.0,2200.0,0
80000.0,30,-1,-1,0,-1,0,0,4161.0,1819.0,6845.0,1813.0,8362.0,-783.0,2000.0,6689.0,1817.0,8100.0,0.0,4000.0,0
470000.0,43,-2,-2,-2,-2,-2,-2,5631.0,404.0,-3.0,-3.0,352.0,0.0,404.0,0.0,0.0,355.0,0.0,2090.0,0
230000.0,27,0,0,0,0,0,0,8786.0,9865.0,10644.0,12414.0,15982.0,13324.0,2500.0,2000.0,2000.0,4000.0,2300.0,3000.0,0
90000.0,24,0,0,0,0,0,0,69542.0,64610.0,62725.0,57716.0,43970.0,36415.0,2366.0,4000.0,3000.0,2000.0,3480.0,15000.0,0
150000.0,35,0,0,0,0,0,0,39708.0,37441.0,36143.0,33567.0,32447.0,32592.0,1608.0,1510.0,1170.0,1183.0,1140.0,1141.0,0
130000.0,29,0,0,0,0,0,0,130708.0,132080.0,130128.0,101794.0,101826.0,101763.0,6658.0,5146.0,4000.0,4000.0,3866.0,3435.0,0
260000.0,57,-1,2,-1,2,-1,-1,1148.0,123.0,1668.0,446.0,123.0,35722.0,0.0,1668.0,0.0,490.0,35722.0,0.0,0
420000.0,39,0,0,0,0,0,0,100333.0,102906.0,105030.0,107146.0,107896.0,110149.0,5138.0,5267.0,5347.0,4019.0,4152.0,4173.0,0
330000.0,28,1,-2,-2,-2,-2,-2,0.0,1056.0,2006.0,-2.0,1683.0,1382.0,1056.0,2014.0,0.0,1685.0,1388.0,967.0,0
50000.0,32,0,0,2,0,0,0,40253.0,40757.0,33922.0,30097.0,29013.0,28167.0,5806.0,6.0,1000.0,1000.0,1200.0,1100.0,0
200000.0,36,-1,-1,0,0,0,0,1801.0,9483.0,60571.0,57990.0,9568.0,82.0,9556.0,60025.0,5032.0,5054.0,5000.0,3000.0,0
50000.0,29,0,0,0,-1,-1,-1,9527.0,9907.0,9660.0,880.0,990.0,780.0,2000.0,1092.0,880.0,990.0,780.0,0.0,0
50000.0,24,0,0,0,0,0,0,35084.0,35796.0,30937.0,19420.0,10385.0,1308.0,2090.0,2002.0,1002.0,238.0,1011.0,389.0,0
50000.0,23,-1,-1,2,0,0,0,45708.0,48316.0,44070.0,45021.0,45145.0,46470.0,6000.0,0.0,2000.0,2000.0,3000.0,3600.0,0
280000.0,34,-2,-2,-2,-2,-2,-2,6398.0,8321.0,12798.0,3581.0,10310.0,11717.0,8331.0,12805.0,3587.0,10361.0,11734.0,8800.0,0
50000.0,23,-1,0,0,0,0,0,25622.0,33564.0,25680.0,13577.0,1148.0,-6.0,10122.0,10028.0,5000.0,6.0,0.0,0.0,0
80000.0,43,0,0,0,0,0,0,80707.0,77532.0,77492.0,78362.0,50001.0,50035.0,3332.0,3051.0,2600.0,1877.0,1767.0,1797.0,0
10000.0,42,0,0,-1,-1,-1,-1,4908.0,5665.0,381.0,390.0,0.0,780.0,1275.0,381.0,399.0,0.0,780.0,0.0,0
280000.0,45,0,0,0,0,0,0,294995.0,316345.0,334612.0,262625.0,172344.0,182776.0,26345.0,24612.0,22625.0,12344.0,12776.0,11852.0,0
80000.0,45,0,0,0,0,0,0,81133.0,81466.0,80822.0,79207.0,79652.0,81165.0,3502.0,3000.0,4000.0,3100.0,3000.0,3000.0,0
230000.0,33,0,0,0,0,0,0,10765.0,11107.0,11748.0,12269.0,12102.0,12414.0,1300.0,1300.0,1200.0,500.0,500.0,500.0,0
80000.0,27,0,0,0,0,0,0,42653.0,46609.0,47306.0,51179.0,52073.0,52833.0,5000.0,1801.0,5000.0,2035.0,2100.0,6200.0,0
70000.0,30,1,2,0,0,0,0,42490.0,35668.0,32397.0,24306.0,24316.0,20216.0,17.0,5043.0,2500.0,2009.0,2015.0,2010.0,0
100000.0,47,0,0,-1,-1,-2,-2,3933.0,2162.0,856.0,-1267.0,-363.0,-2389.0,1000.0,1000.0,0.0,5100.0,0.0,0.0,0
100000.0,25,0,0,0,0,0,0,90976.0,93443.0,94192.0,95535.0,97945.0,93412.0,4000.0,3503.0,4000.0,4003.0,3500.0,3400.0,0
220000.0,34,0,0,0,0,0,0,109815.0,91363.0,93091.0,91706.0,91748.0,93261.0,3634.0,3566.0,3394.0,3659.0,3700.0,3183.0,0
20000.0,32,0,0,0,3,2,0,11777.0,14851.0,17575.0,17063.0,15711.0,28600.0,3276.0,3000.0,3.0,7.0,2058.0,669.0,0
350000.0,37,0,0,0,0,0,0,336061.0,343205.0,351794.0,357090.0,342253.0,276516.0,12701.0,14100.0,12109.0,11482.0,11841.0,115165.0,0
20000.0,34,0,0,2,0,0,-2,6569.0,6939.0,4679.0,2960.0,0.0,0.0,2449.0,0.0,1000.0,0.0,0.0,0.0,0
300000.0,33,1,-2,-2,-2,-2,-2,0.0,0.0,0.0,0.0,0.0,0.0,0.0,0.0,0.0,0.0,0.0,0.0,0
160000.0,27,-1,-1,-1,-1,-1,-1,5574.0,3327.0,5958.0,55914.0,23285.0,29170.0,3353.0,7916.0,56116.0,23302.0,11580.0,9976.0,0
500000.0,41,-1,-1,-1,-1,-1,3,5094.0,5626.0,1715.0,-285.0,1715.0,1395.0,6000.0,1715.0,0.0,2000.0,0.0,0.0,0
80000.0,25,-1,-1,0,0,-2,-2,2177.0,1677.0,7360.0,0.0,0.0,0.0,2000.0,5860.0,0.0,0.0,0.0,0.0,0
20000.0,27,0,0,0,0,0,0,18833.0,19404.0,18699.0,19324.0,16234.0,16609.0,1290.0,2000.0,2000.0,1000.0,1000.0,3000.0,0
150000.0,31,0,0,0,0,0,0,19057.0,20091.0,21423.0,23927.0,25718.0,136667.0,1500.0,1500.0,3000.0,2000.0,111338.0,4000.0,0
200000.0,44,0,0,0,0,0,-1,34606.0,34800.0,33275.0,33435.0,32778.0,3277.0,2100.0,2000.0,3435.0,3000.0,3277.0,29928.0,0
50000.0,25,-1,-1,-1,-1,-1,-1,25045.0,15180.0,6964.0,7604.0,2173.0,6586.0,15522.0,6964.0,7604.0,2173.0,6586.0,11890.0,0
250000.0,39,1,-1,-1,-1,-1,-1,0.0,93.0,5354.0,167.0,908.0,0.0,93.0,5354.0,167.0,908.0,0.0,0.0,0
280000.0,40,0,0,0,0,0,0,291952.0,275948.0,240627.0,228230.0,209987.0,196997.0,8562.0,7071.0,6574.0,5938.0,5867.0,7704.0,0
70000.0,27,0,0,0,0,0,0,42825.0,47047.0,62703.0,28945.0,16345.0,21163.0,5000.0,20000.0,10000.0,6000.0,5000.0,8000.0,0
300000.0,33,0,0,0,0,0,0,248832.0,255686.0,262075.0,276110.0,279623.0,285719.0,11000.0,12000.0,20002.0,10002.0,11002.0,26002.0,0
270000.0,28,-1,-1,-1,-1,0,-1,15167.0,841.0,9842.0,7931.0,3412.0,1035.0,845.0,9896.0,7977.0,17.0,1040.0,1848.0,0
20000.0,23,0,0,0,0,0,0,19178.0,18852.0,16648.0,19395.0,20271.0,20445.0,2000.0,1500.0,4000.0,2000.0,2000.0,2900.0,0
160000.0,29,1,-2,-2,-2,-2,-2,0.0,0.0,0.0,0.0,0.0,0.0,0.0,0.0,0.0,0.0,0.0,0.0,0
80000.0,39,0,0,0,-2,-1,-1,4948.0,3804.0,0.0,0.0,1715.0,0.0,1000.0,0.0,0.0,1715.0,0.0,0.0,0
210000.0,46,0,0,0,0,0,0,46743.0,50936.0,53107.0,53717.0,53255.0,55160.0,5000.0,4000.0,2350.0,2000.0,3000.0,3000.0,0
180000.0,32,-1,-1,-1,-1,0,-1,1160.0,2884.0,1165.0,4685.0,1165.0,3472.0,2889.0,1165.0,4685.0,0.0,3472.0,799.0,0
120000.0,25,2,2,2,2,2,2,120298.0,120822.0,109887.0,116313.0,119311.0,117167.0,4007.0,0.0,8272.0,5000.0,0.0,4400.0,0
140000.0,33,-1,-1,-1,-1,-1,-1,1247.0,1654.0,840.0,2153.0,827.0,-8808.0,1654.0,840.0,2153.0,827.0,827.0,9635.0,0
30000.0,26,0,0,2,0,0,0,30467.0,30403.0,30546.0,30255.0,30096.0,30353.0,2173.0,1613.0,1453.0,946.0,997.0,1118.0,0
50000.0,55,2,0,0,0,0,0,13741.0,14750.0,15774.0,17087.0,17119.0,17602.0,1243.0,1267.0,1580.0,612.0,758.0,700.0,0
280000.0,36,0,0,0,0,-2,-2,93982.0,105695.0,77704.0,0.0,0.0,0.0,15000.0,40000.0,0.0,0.0,0.0,336.0,0
170000.0,29,-2,-2,-2,-2,-2,-2,12159.0,10000.0,10000.0,10000.0,9983.0,15846.0,10000.0,10000.0,10000.0,9983.0,15863.0,10000.0,0
30000.0,23,-1,-1,-1,-1,-1,-1,528.0,913.0,10773.0,916.0,3091.0,700.0,913.0,10773.0,916.0,3091.0,700.0,0.0,0
180000.0,37,0,0,0,0,0,0,107337.0,48433.0,46325.0,47354.0,48323.0,49416.0,2000.0,1771.0,1800.0,1750.0,1893.0,2000.0,0
140000.0,31,0,0,0,0,0,0,92636.0,94641.0,96667.0,98883.0,79972.0,81642.0,3500.0,3600.0,3900.0,3000.0,3000.0,3200.0,0
470000.0,33,0,0,0,0,0,0,165254.0,157784.0,162702.0,69923.0,29271.0,29889.0,6400.0,7566.0,3000.0,960.0,1000.0,3000.0,0
160000.0,29,0,0,0,-1,-1,0,21898.0,23075.0,24010.0,400.0,16903.0,17248.0,5004.0,8004.0,400.0,16903.0,345.0,352.0,0
30000.0,30,-1,-1,-1,-1,0,0,1483.0,1378.0,2381.0,2967.0,1746.0,780.0,1378.0,2781.0,3067.0,35.0,780.0,3308.0,0
380000.0,37,0,0,0,0,0,0,288908.0,288614.0,245375.0,249931.0,209711.0,185920.0,12036.0,11483.0,9578.0,6884.0,6549.0,6520.0,0
200000.0,58,0,0,0,0,0,0,105836.0,108055.0,110258.0,112451.0,115090.0,117064.0,3923.0,4001.0,4025.0,4451.0,4167.0,3527.0,0
50000.0,24,1,2,0,0,0,0,50162.0,48982.0,43579.0,43825.0,28396.0,27437.0,0.0,2207.0,2300.0,1006.0,1000.0,1100.0,0
20000.0,22,0,0,0,0,0,0,15749.0,16221.0,19836.0,14354.0,10962.0,9274.0,1500.0,5000.0,500.0,500.0,246.0,500.0,0
110000.0,23,0,0,0,0,0,0,106963.0,101958.0,85914.0,73638.0,72119.0,73764.0,5023.0,3900.0,2600.0,5000.0,3000.0,3000.0,0
130000.0,36,-1,-1,-1,-1,-1,-1,1738.0,1738.0,1738.0,1738.0,1738.0,1738.0,1738.0,1738.0,1738.0,1738.0,1738.0,1938.0,0
130000.0,29,1,2,0,0,0,0,118723.0,117323.0,38765.0,33349.0,33463.0,33795.0,3001.0,3000.0,2000.0,1000.0,666.0,2000.0,0
160000.0,35,2,-1,-1,-1,-1,-1,776.0,776.0,1172.0,380.0,776.0,1172.0,776.0,1172.0,380.0,776.0,1172.0,380.0,0
310000.0,29,0,0,0,0,0,0,26597.0,27141.0,25567.0,21794.0,20911.0,14023.0,1732.0,1408.0,1209.0,622.0,600.0,748.0,0
150000.0,28,0,0,0,0,0,0,95322.0,96903.0,94682.0,89207.0,46259.0,50504.0,3216.0,2338.0,2653.0,2001.0,5012.0,2058.0,0
380000.0,32,-1,0,0,0,0,0,91806.0,100291.0,108245.0,109006.0,117195.0,121246.0,10000.0,10000.0,10000.0,10001.0,6000.0,38000.0,0
200000.0,29,-1,-1,-1,-1,-1,-1,99.0,99.0,99.0,99.0,99.0,348.0,99.0,99.0,99.0,99.0,348.0,0.0,0
70000.0,23,-1,0,0,0,0,0,3082.0,4370.0,9353.0,15282.0,20400.0,12915.0,1500.0,5353.0,6282.0,6342.0,2055.0,3257.0,0
40000.0,45,1,2,0,0,0,0,40910.0,39592.0,40135.0,37403.0,30159.0,27854.0,0.0,2196.0,4.0,603.0,925.0,389.0,0
140000.0,47,0,0,0,0,0,0,109259.0,108015.0,107209.0,106353.0,100653.0,99546.0,5400.0,5211.0,4000.0,4000.0,4000.0,3600.0,0
150000.0,28,0,0,0,0,0,0,145728.0,145240.0,148755.0,133414.0,101284.0,73255.0,5002.0,6009.0,3259.0,149.0,1866.0,0.0,0
180000.0,33,0,0,0,0,0,0,65226.0,71031.0,74866.0,78534.0,82246.0,84014.0,10000.0,5000.0,5000.0,5000.0,3787.0,4391.0,0
300000.0,38,-1,-1,-1,-1,0,0,5848.0,24718.0,45114.0,16949.0,9537.0,0.0,24718.0,45533.0,17136.0,0.0,0.0,0.0,0
320000.0,46,-1,-1,-1,-1,0,-1,545.0,5590.0,8477.0,18428.0,119.0,9416.0,5590.0,8489.0,18443.0,0.0,9416.0,2328.0,0
50000.0,46,0,0,0,0,0,0,49566.0,49483.0,48495.0,28641.0,28846.0,29024.0,1968.0,1644.0,1013.0,1044.0,1045.0,1034.0,0
210000.0,26,0,0,0,0,0,-1,15599.0,11684.0,2821.0,2935.0,1895.0,1078.0,1059.0,1069.0,1000.0,38.0,1078.0,1078.0,0
390000.0,32,-1,-1,-1,-1,-1,0,35745.0,12935.0,20868.0,14411.0,18969.0,8637.0,13000.0,20971.0,14487.0,19020.0,43.0,14753.0,0
180000.0,37,1,-2,-2,-2,-1,0,0.0,0.0,0.0,0.0,2201.0,2201.0,0.0,0.0,0.0,2201.0,0.0,0.0,0
290000.0,36,1,-2,-1,-1,0,0,0.0,0.0,568.0,16166.0,16726.0,17427.0,0.0,568.0,16166.0,1000.0,1000.0,1000.0,0
340000.0,39,0,0,0,0,0,0,250571.0,251917.0,256908.0,260462.0,265927.0,271766.0,9125.0,11750.0,9325.0,9665.0,10274.0,9832.0,0
50000.0,30,0,0,0,0,0,2,14811.0,16262.0,17286.0,17895.0,19450.0,18990.0,2000.0,1600.0,1200.0,2000.0,0.0,1000.0,0
200000.0,56,0,0,0,0,0,0,193392.0,159546.0,158486.0,160375.0,163444.0,0.0,5039.0,8000.0,3500.0,3269.0,0.0,0.0,0
120000.0,27,-1,2,-1,0,-1,-1,6553.0,2752.0,10834.0,2016.0,3589.0,1569.0,0.0,10834.0,280.0,3589.0,1569.0,2527.0,0
780000.0,48,0,0,0,0,0,0,171459.0,178587.0,190663.0,195124.0,184872.0,191090.0,10000.0,15004.0,10000.0,8000.0,10028.0,7003.0,0
200000.0,31,0,0,0,0,0,0,194353.0,197344.0,186292.0,133345.0,133634.0,133990.0,9000.0,7465.0,4715.0,4804.0,5141.0,5300.0,0
110000.0,24,0,0,0,0,0,0,105927.0,65575.0,66495.0,67415.0,68538.0,78911.0,2375.0,2395.0,2397.0,2583.0,12000.0,2583.0,0
130000.0,44,-1,-1,-1,-1,-1,-1,994.0,3693.0,1098.0,2912.0,2910.0,4122.0,3693.0,1098.0,2912.0,2910.0,4122.0,1887.0,0
120000.0,48,0,0,0,0,0,0,116757.0,120600.0,106464.0,92788.0,29989.0,31215.0,10717.0,10000.0,20014.0,0.0,6000.0,2534.0,0
70000.0,42,0,0,0,0,-1,-1,69486.0,68650.0,65458.0,19087.0,10220.0,11913.0,3000.0,1604.0,1000.0,10220.0,11913.0,10000.0,0
390000.0,29,0,0,0,0,0,0,196172.0,196262.0,157388.0,123706.0,115813.0,112143.0,9599.0,10054.0,4242.0,4346.0,5000.0,5000.0,0
420000.0,46,2,2,0,0,0,0,436968.0,428712.0,425345.0,354852.0,353113.0,353720.0,0.0,16100.0,13000.0,14064.0,111170.0,11300.0,0
50000.0,29,0,0,0,0,0,0,47425.0,48171.0,46466.0,47226.0,46917.0,47571.0,2100.0,2100.0,2105.0,2000.0,1800.0,3500.0,0
200000.0,42,-1,-1,-1,-2,-1,0,535.0,10468.0,0.0,0.0,400.0,400.0,10468.0,0.0,0.0,400.0,0.0,0.0,0
50000.0,45,0,0,0,0,0,0,49073.0,12630.0,9215.0,9215.0,8011.0,5615.0,2022.0,2000.0,0.0,1000.0,1904.0,1664.0,0
200000.0,30,0,0,0,0,0,0,111053.0,112269.0,76726.0,72487.0,74108.0,67036.0,5020.0,4005.0,2800.0,3300.0,3000.0,2700.0,0
300000.0,28,0,0,0,-1,0,0,30631.0,14623.0,9728.0,28960.0,26589.0,18171.0,1373.0,1010.0,42348.0,0.0,0.0,173.0,0
220000.0,65,-1,-1,-1,-1,-1,-1,1193.0,1525.0,3067.0,1771.0,2326.0,390.0,1525.0,3470.0,1771.0,2333.0,390.0,2361.0,0
140000.0,24,0,0,0,0,0,0,103884.0,105697.0,101636.0,97298.0,77081.0,72592.0,4000.0,4000.0,3800.0,3000.0,3300.0,2300.0,0
50000.0,30,0,0,0,0,0,0,11787.0,9720.0,8613.0,5173.0,5593.0,0.0,1300.0,1034.0,0.0,1200.0,0.0,0.0,0
160000.0,53,-1,-1,-1,-1,-1,-1,791.0,9164.0,4791.0,2999.0,961.0,994.0,9173.0,4805.0,3008.0,1742.0,998.0,1101.0,0
110000.0,47,0,0,0,0,0,0,72897.0,72755.0,71698.0,72418.0,72293.0,73954.0,3290.0,3200.0,2700.0,2800.0,3000.0,2650.0,0
500000.0,46,-2,-2,-2,-2,-2,-2,0.0,0.0,1656.0,1400.0,0.0,0.0,0.0,1656.0,1400.0,0.0,0.0,0.0,0
360000.0,27,0,0,0,0,0,0,44179.0,37697.0,29686.0,23724.0,5576.0,2273.0,1498.0,1799.0,1008.0,120.0,2289.0,5302.0,0
260000.0,42,-2,-2,-2,-2,-2,-2,387.0,616.0,450.0,773.0,268.0,402.0,616.0,450.0,773.0,268.0,402.0,334.0,0
100000.0,47,0,0,0,0,0,0,46104.0,47146.0,48162.0,48806.0,49910.0,51400.0,2086.0,2102.0,1746.0,1890.0,2400.0,0.0,0
210000.0,32,-2,-2,-2,-2,-2,-2,0.0,0.0,0.0,0.0,0.0,0.0,0.0,0.0,0.0,0.0,0.0,0.0,0
240000.0,28,0,0,0,0,0,0,147974.0,150683.0,137645.0,140388.0,142521.0,143736.0,5300.0,4931.0,4966.0,5000.0,4771.0,4354.0,0
100000.0,46,1,-1,2,2,-1,0,0.0,203.0,203.0,0.0,7856.0,16544.0,203.0,0.0,0.0,7856.0,10000.0,865.0,0
150000.0,28,0,0,0,0,0,0,134218.0,118580.0,95916.0,82867.0,58995.0,59799.0,4465.0,10629.0,3500.0,1833.0,1886.0,1610.0,0
400000.0,48,0,0,0,0,0,0,352730.0,335226.0,317661.0,319004.0,316611.0,314106.0,12370.0,15012.0,13000.0,12055.0,13368.0,12000.0,0
50000.0,44,0,0,0,0,0,0,19091.0,20179.0,21190.0,21838.0,22485.0,23110.0,1400.0,1352.0,1000.0,1000.0,1000.0,1000.0,0
290000.0,37,-2,-2,-2,-2,-2,-2,199911.0,204462.0,208769.0,213085.0,211829.0,96532.0,8001.0,8001.0,8037.0,10074.0,5010.0,179228.0,0
20000.0,31,0,0,0,0,0,0,16569.0,22372.0,25285.0,24669.0,20899.0,11968.0,11000.0,5000.0,0.0,418.0,5000.0,3816.0,0
120000.0,29,-1,-1,-1,-1,-1,-1,1914.0,573.0,214.0,4479.0,980.0,690.0,573.0,219.0,4484.0,980.0,690.0,0.0,0
290000.0,36,0,0,-1,-1,0,-1,22681.0,25980.0,10409.0,118253.0,111765.0,13294.0,20246.0,10460.0,118299.0,2794.0,13358.0,14705.0,0
200000.0,27,1,-2,-2,-2,-2,-2,0.0,0.0,0.0,0.0,0.0,0.0,0.0,0.0,0.0,0.0,0.0,0.0,0
360000.0,32,0,0,0,0,0,0,16039.0,20396.0,19382.0,13874.0,9398.0,10773.0,5000.0,2000.0,5019.0,2000.0,2500.0,5000.0,0
40000.0,36,0,0,2,2,2,0,34871.0,37999.0,37089.0,39464.0,38698.0,40051.0,3700.0,0.0,3000.0,0.0,2000.0,800.0,0
100000.0,36,0,0,0,0,0,0,87656.0,90341.0,92244.0,93316.0,95158.0,97776.0,5000.0,4300.0,3500.0,3500.0,4200.0,4500.0,0
210000.0,34,0,0,0,0,0,0,63672.0,57299.0,59336.0,61349.0,63366.0,65155.0,2200.0,3000.0,3000.0,3000.0,3000.0,3500.0,0
60000.0,29,2,2,2,2,2,2,47631.0,48574.0,49476.0,50360.0,50509.0,52522.0,2000.0,2000.0,2000.0,1100.0,3000.0,0.0,0
150000.0,23,0,0,0,0,0,0,7795.0,13821.0,6640.0,5831.0,10514.0,5432.0,7000.0,1000.0,1070.0,6000.0,2432.0,116.0,0
50000.0,54,0,0,0,0,0,0,46137.0,46975.0,47500.0,47921.0,17125.0,16686.0,2000.0,2045.0,1466.0,600.0,604.0,608.0,0
60000.0,37,0,0,0,0,0,2,37934.0,39020.0,40071.0,41098.0,43536.0,44670.0,2000.0,2000.0,2000.0,3100.0,2000.0,0.0,0
20000.0,36,0,0,0,-1,-1,-1,6620.0,7114.0,3948.0,18838.0,-71.0,8929.0,2151.0,3600.0,20044.0,65.0,9000.0,5203.0,0
50000.0,23,0,0,0,0,0,0,47033.0,43512.0,32287.0,34156.0,14618.0,3648.0,1707.0,1318.0,496.0,1076.0,708.0,20027.0,0
90000.0,24,0,0,0,0,0,0,14520.0,14747.0,4753.0,5152.0,4664.0,4833.0,1240.0,1220.0,1000.0,500.0,800.0,1680.0,0
360000.0,31,-2,-2,-2,-2,-2,-2,990.0,990.0,990.0,990.0,990.0,990.0,990.0,990.0,990.0,990.0,990.0,4970.0,0
400000.0,55,-1,-1,-1,-1,0,0,153951.0,193159.0,72201.0,199209.0,179290.0,9780.0,193358.0,72356.0,199209.0,411.0,0.0,126743.0,0
140000.0,58,2,0,0,0,0,0,98985.0,98702.0,96753.0,94310.0,92182.0,88818.0,4520.0,4034.0,5050.0,6034.0,3202.0,5000.0,0
500000.0,50,0,0,0,0,0,0,197004.0,202740.0,203537.0,167013.0,169395.0,171648.0,20000.0,15000.0,15000.0,15000.0,15000.0,15000.0,0
240000.0,45,1,-2,-2,-2,-2,-2,0.0,0.0,0.0,0.0,0.0,0.0,0.0,0.0,0.0,0.0,0.0,0.0,0
60000.0,63,0,0,0,0,0,0,56285.0,56894.0,57006.0,28198.0,23888.0,24083.0,5000.0,2156.0,3017.0,2009.0,3000.0,3000.0,0
20000.0,45,1,-1,-1,-1,-1,-2,0.0,390.0,0.0,780.0,0.0,0.0,780.0,0.0,780.0,0.0,0.0,0.0,0
50000.0,23,0,0,0,0,0,0,50933.0,50906.0,48560.0,49826.0,34318.0,19884.0,2400.0,2500.0,2608.0,700.0,3381.0,0.0,0
210000.0,32,1,2,0,0,0,0,161444.0,160177.0,151914.0,148432.0,150935.0,154284.0,6000.0,8000.0,6200.0,6000.0,5700.0,5700.0,0
230000.0,36,-2,-2,-2,-1,0,-1,0.0,0.0,2800.0,346.0,346.0,999.0,0.0,2800.0,346.0,0.0,999.0,0.0,0
30000.0,37,0,0,0,2,2,2,19625.0,20673.0,23702.0,23026.0,27798.0,27219.0,1671.0,3700.0,0.0,5335.0,0.0,2054.0,0
60000.0,30,-2,-2,-2,-2,-2,-2,3591.0,-5.0,-5.0,0.0,1360.0,1180.0,0.0,0.0,5.0,1360.0,1180.0,3302.0,0
120000.0,32,0,0,0,0,0,0,113650.0,105592.0,105428.0,76543.0,144089.0,74115.0,3999.0,6025.0,3069.0,3001.0,6000.0,3112.0,0
410000.0,32,0,0,0,0,0,0,198954.0,202511.0,199348.0,201941.0,101962.0,104837.0,7000.0,9000.0,9000.0,5000.0,5000.0,5000.0,0
310000.0,26,-1,0,0,0,0,0,47330.0,48947.0,49738.0,53602.0,40510.0,43742.0,4000.0,5000.0,5052.0,9950.0,5000.0,5000.0,0
250000.0,39,0,0,0,0,0,0,18376.0,20070.0,21428.0,22757.0,24382.0,28768.0,2000.0,2000.0,2000.0,2000.0,5000.0,4000.0,0
200000.0,33,-1,-1,-1,-2,-2,-2,846.0,4292.0,0.0,0.0,0.0,0.0,4974.0,0.0,0.0,0.0,0.0,0.0,0
200000.0,31,-1,-1,-1,-1,-1,-1,2718.0,590.0,8971.0,8509.0,29645.0,7300.0,591.0,8981.0,8525.0,29713.0,7305.0,20914.0,0
110000.0,45,0,0,0,0,0,0,36267.0,37234.0,37341.0,38208.0,39121.0,39785.0,1587.0,1694.0,1561.0,1474.0,1370.0,1514.0,0
20000.0,23,-1,-1,-1,-1,-1,-1,1207.0,0.0,174.0,1200.0,1434.0,0.0,0.0,174.0,1200.0,1434.0,0.0,974.0,0
370000.0,41,1,-2,-2,-2,-2,-2,0.0,0.0,0.0,0.0,0.0,0.0,0.0,0.0,0.0,0.0,0.0,0.0,0
130000.0,24,0,0,2,0,-1,-1,16078.0,16055.0,13371.0,4405.0,1292.0,390.0,4176.0,0.0,1000.0,1292.0,390.0,2165.0,0
40000.0,24,-1,-1,-2,-2,-2,-2,19133.0,0.0,0.0,0.0,0.0,0.0,0.0,0.0,0.0,0.0,0.0,0.0,0
230000.0,27,-2,-2,-2,-2,-2,-2,2978.0,6666.0,1951.0,67101.0,5136.0,10316.0,7000.0,1951.0,67101.0,5142.0,10316.0,5720.0,0
180000.0,32,0,0,0,0,0,0,54842.0,55435.0,56810.0,63562.0,41150.0,0.0,2073.0,2359.0,8000.0,3000.0,0.0,0.0,0
50000.0,38,0,0,0,0,0,0,50620.0,47164.0,48004.0,49307.0,19218.0,19465.0,3000.0,3014.0,6047.0,1000.0,2320.0,3000.0,0
460000.0,61,0,-1,-1,-1,-1,-1,10643.0,1547.0,1670.0,6425.0,4897.0,8401.0,1600.0,1800.0,6500.0,5000.0,5000.0,4500.0,0
50000.0,25,2,0,0,0,0,0,50105.0,50802.0,49988.0,19287.0,19698.0,20228.0,2300.0,1305.0,1000.0,855.0,1000.0,1000.0,0
50000.0,28,3,2,2,7,7,7,2400.0,2400.0,2400.0,2400.0,2400.0,2400.0,0.0,0.0,0.0,0.0,0.0,0.0,0
350000.0,41,-2,-2,-2,-2,-2,-2,0.0,3813.0,1298.0,500.0,2398.0,0.0,3813.0,1298.0,500.0,2398.0,0.0,1902.0,0
290000.0,33,0,0,0,0,0,0,277227.0,279189.0,265077.0,241284.0,102450.0,104544.0,10681.0,15089.0,8801.0,7450.0,4544.0,4028.0,0
50000.0,46,0,0,0,0,0,0,29254.0,26289.0,21751.0,20154.0,16784.0,17352.0,1737.0,1300.0,668.0,8000.0,1000.0,3100.0,0
120000.0,28,-1,-1,-1,-1,-1,-1,2494.0,1394.0,780.0,470.0,-170.0,180.0,2000.0,780.0,470.0,0.0,500.0,1335.0,0
400000.0,54,-2,-2,-2,-2,-2,-2,1348.0,21411.0,-25.0,4895.0,48976.0,15319.0,21532.0,0.0,4920.0,49221.0,15395.0,0.0,0
70000.0,25,0,0,0,0,0,-1,69334.0,66987.0,58055.0,44593.0,-1380.0,48757.0,3000.0,2213.0,1565.0,0.0,50137.0,1800.0,0
80000.0,53,0,0,0,0,0,0,48688.0,101878.0,20475.0,20325.0,20276.0,20662.0,2530.0,3990.0,850.0,800.0,1100.0,1100.0,0
70000.0,26,2,2,2,2,0,0,46599.0,45578.0,48505.0,47427.0,48447.0,45145.0,0.0,4000.0,0.0,2000.0,1700.0,3000.0,0
240000.0,28,-1,-1,-1,-1,-1,0,8590.0,6398.0,16271.0,27825.0,14489.0,37137.0,6398.0,16312.0,27829.0,14503.0,33633.0,10982.0,0
320000.0,40,1,-1,-1,-1,-1,-1,14.0,1200.0,2987.0,-13.0,2670.0,-4.0,1205.0,3002.0,0.0,2683.0,0.0,0.0,0
150000.0,29,0,0,0,0,0,0,147331.0,146999.0,146277.0,147946.0,145846.0,143531.0,6740.0,6850.0,5664.0,5660.0,5480.0,5310.0,0
50000.0,29,0,0,0,0,0,0,50187.0,51318.0,47091.0,41660.0,47368.0,49317.0,3000.0,23000.0,1120.0,6000.0,2675.0,0.0,0
350000.0,55,-1,-1,-1,-1,-1,-1,5961.0,6318.0,1485.0,788.0,15015.0,666.0,6326.0,1485.0,788.0,15015.0,666.0,0.0,0
80000.0,52,0,0,0,0,0,0,77086.0,77411.0,78686.0,66217.0,56167.0,53190.0,3000.0,5086.0,1750.0,2012.0,1630.0,2165.0,0
130000.0,32,0,0,0,0,0,0,126741.0,126889.0,125733.0,118394.0,96230.0,98583.0,6100.0,6103.0,4823.0,4000.0,4000.0,4000.0,0
200000.0,33,0,0,0,0,0,0,19572.0,28858.0,52512.0,71923.0,19923.0,-77.0,10000.0,25000.0,20400.0,0.0,0.0,77.0,0
300000.0,40,-1,-1,-1,-1,0,0,10920.0,3939.0,10184.0,115184.0,63758.0,19813.0,3939.0,11082.0,115184.0,19800.0,0.0,2356.0,0
340000.0,41,-2,-2,-2,-2,-2,-2,11379.0,11086.0,3112.0,3351.0,1259.0,19271.0,11258.0,3112.0,3351.0,1259.0,19271.0,16992.0,0
30000.0,55,-2,-2,-2,-1,-1,-2,-330.0,340.0,-220.0,780.0,0.0,0.0,500.0,0.0,1000.0,0.0,0.0,0.0,0
220000.0,24,0,0,0,0,0,0,51908.0,53087.0,54167.0,55267.0,56586.0,57993.0,2017.0,1965.0,2000.0,2210.0,2500.0,2339.0,0
370000.0,37,0,0,0,0,0,0,308011.0,302783.0,297700.0,298224.0,338565.0,288924.0,10404.0,10015.0,16502.0,60003.0,15008.0,20000.0,0
200000.0,41,-1,-1,-1,0,0,-1,10529.0,1936.0,25483.0,16767.0,19941.0,19665.0,1940.0,25513.0,4767.0,7541.0,19665.0,5633.0,0
300000.0,29,-2,-2,-2,-2,-2,-2,22391.0,3637.0,1705.0,-4.0,36581.0,332.0,4018.0,1809.0,0.0,36583.0,334.0,0.0,0
80000.0,25,1,-1,-1,-1,-2,-1,0.0,9000.0,380.0,0.0,0.0,363.0,9000.0,380.0,0.0,0.0,363.0,0.0,0
60000.0,32,0,0,0,0,0,0,59738.0,59389.0,57656.0,58290.0,58213.0,57076.0,2700.0,2100.0,2100.0,2200.0,2100.0,3000.0,0
20000.0,31,-2,-2,-2,-1,-1,-1,668.0,355.0,0.0,600.0,5275.0,841.0,355.0,0.0,600.0,5275.0,841.0,763.0,0
490000.0,28,0,0,0,0,0,0,325669.0,206515.0,144853.0,132268.0,118899.0,79223.0,10041.0,7415.0,7025.0,44324.0,3119.0,2780.0,0
280000.0,42,1,-2,-1,0,0,0,-191.0,-191.0,5612.0,6917.0,10247.0,11822.0,0.0,6100.0,4000.0,3500.0,2500.0,2000.0,0
20000.0,47,1,2,2,0,0,0,17624.0,18342.0,17750.0,18102.0,18485.0,19175.0,1300.0,0.0,647.0,674.0,1000.0,582.0,0
100000.0,31,1,2,0,0,2,0,104395.0,101736.0,106101.0,54707.0,54924.0,52141.0,1867.0,1867.0,5026.0,2800.0,2800.0,2800.0,0
170000.0,29,0,0,0,0,0,0,161581.0,163500.0,166003.0,167287.0,165510.0,168507.0,6000.0,8000.0,6300.0,6000.0,6500.0,6100.0,0
210000.0,27,0,0,0,0,0,0,83381.0,85097.0,86928.0,89471.0,91282.0,93309.0,3100.0,3200.0,4000.0,3300.0,3500.0,3500.0,0
10000.0,37,0,0,0,0,-1,-1,6930.0,6399.0,4634.0,5388.0,780.0,0.0,1065.0,1246.0,1000.0,780.0,0.0,390.0,0
300000.0,31,-1,-1,-1,-1,-1,-1,331.0,331.0,331.0,331.0,-1.0,199.0,332.0,332.0,332.0,0.0,200.0,0.0,0
290000.0,36,0,0,0,0,2,0,110695.0,108583.0,70642.0,71008.0,65455.0,63421.0,3260.0,5000.0,4706.0,0.0,2007.0,2482.0,0
200000.0,29,-1,-1,-1,-1,-1,-1,188.0,2210.0,2451.0,3043.0,1542.0,0.0,2215.0,2451.0,3043.0,1542.0,0.0,0.0,0
60000.0,59,0,0,0,0,-1,0,59174.0,60922.0,61800.0,0.0,51301.0,52327.0,3298.0,3000.0,0.0,51301.0,2029.0,2083.0,0
360000.0,45,-2,-2,-2,-2,-2,-2,3401.0,2655.0,1064.0,530.0,822.0,2222.0,2655.0,1064.0,530.0,822.0,2222.0,788.0,0
260000.0,30,1,2,0,0,0,0,96549.0,94114.0,96689.0,101023.0,93738.0,96218.0,0.0,5000.0,6000.0,5000.0,4000.0,8000.0,0
50000.0,27,0,0,0,0,0,-2,27314.0,28353.0,30299.0,33760.0,0.0,0.0,1500.0,3000.0,4000.0,0.0,0.0,0.0,0
210000.0,33,0,0,0,0,0,2,31570.0,32756.0,33905.0,35035.0,37465.0,36713.0,2000.0,2000.0,2000.0,3000.0,0.0,734.0,0
30000.0,60,0,0,0,0,0,0,23575.0,24582.0,25711.0,26614.0,26948.0,14648.0,1398.0,1527.0,1430.0,764.0,530.0,655.0,0
50000.0,25,1,2,0,0,0,0,43099.0,42133.0,43127.0,44210.0,45844.0,49869.0,0.0,2000.0,1800.0,2500.0,5500.0,1801.0,0
190000.0,30,-1,-1,-1,-1,-1,-1,25953.0,1590.0,478.0,10035.0,24345.0,1150.0,1698.0,478.0,10035.0,24345.0,1191.0,14512.0,0
30000.0,22,0,0,0,0,0,0,29449.0,30308.0,26186.0,27698.0,28987.0,29568.0,1402.0,2000.0,2000.0,2000.0,2500.0,2000.0,0
130000.0,27,0,0,0,0,0,0,129150.0,105529.0,107691.0,108418.0,115638.0,117958.0,5300.0,5400.0,4000.0,9000.0,4400.0,4500.0,0
240000.0,56,-1,-1,-1,-1,-1,-1,390.0,390.0,390.0,390.0,390.0,390.0,390.0,780.0,390.0,390.0,390.0,540.0,0
50000.0,46,0,0,0,0,2,0,13406.0,15175.0,16227.0,17746.0,7496.0,7877.0,2000.0,1600.0,2100.0,1930.0,500.0,500.0,0
200000.0,37,-2,-2,-2,-2,-2,-2,3938.0,8556.0,4846.0,807.0,2183.0,210.0,8576.0,4850.0,1047.0,2183.0,210.0,0.0,0
200000.0,35,1,-2,-1,-1,-1,-1,0.0,0.0,5825.0,0.0,3217.0,8273.0,0.0,5825.0,0.0,3217.0,8273.0,5158.0,0
30000.0,24,0,0,-2,-2,-2,-1,11080.0,-202.0,-202.0,-202.0,-202.0,7571.0,0.0,0.0,0.0,0.0,7844.0,235.0,0
200000.0,32,-1,-1,-1,-1,-2,-1,146.0,-3.0,670.0,0.0,0.0,868.0,0.0,673.0,0.0,0.0,868.0,4.0,0
80000.0,29,0,0,0,0,0,0,89061.0,31367.0,34848.0,69990.0,36711.0,38103.0,4000.0,4000.0,2000.0,4000.0,2000.0,2000.0,0
130000.0,27,0,0,0,-2,-2,-2,21920.0,12390.0,0.0,0.0,0.0,0.0,1400.0,0.0,0.0,0.0,0.0,0.0,0
300000.0,30,-1,-1,-1,-1,-1,-1,649.0,949.0,1938.0,81.0,671.0,8067.0,949.0,1938.0,81.0,671.0,8067.0,1513.0,0
210000.0,30,0,0,0,0,0,0,187191.0,140417.0,107768.0,84505.0,81796.0,52453.0,4700.0,4500.0,3100.0,3016.0,2000.0,2000.0,0
140000.0,42,2,2,2,2,2,0,47556.0,48802.0,47722.0,50411.0,49473.0,50649.0,2300.0,0.0,3800.0,0.0,2000.0,2000.0,0
390000.0,36,1,-2,-2,-2,-2,-2,0.0,0.0,0.0,0.0,0.0,0.0,0.0,0.0,0.0,0.0,0.0,0.0,0
250000.0,34,2,0,0,0,0,0,212681.0,193296.0,194659.0,196481.0,196256.0,195370.0,9917.0,7350.0,7231.0,6603.0,6797.0,7557.0,0
350000.0,33,0,0,0,0,0,0,53562.0,49396.0,42968.0,38575.0,34226.0,31026.0,2045.0,1660.0,1338.0,1300.0,2000.0,865.0,0
150000.0,35,0,0,0,0,2,0,39883.0,41045.0,41701.0,40699.0,25218.0,9340.0,1806.0,1462.0,2000.0,0.0,2000.0,44.0,0
220000.0,50,-2,-2,-2,2,2,-1,0.0,200.0,200.0,200.0,11326.0,43100.0,200.0,0.0,0.0,11326.0,43100.0,4257.0,0
80000.0,38,-1,-1,-1,0,0,-1,4404.0,5096.0,11473.0,21086.0,2034.0,17678.0,5096.0,11476.0,16037.0,0.0,17678.0,6000.0,0
550000.0,28,0,0,0,0,0,0,257553.0,251236.0,246572.0,240595.0,237968.0,220199.0,12036.0,9071.0,8022.0,6797.0,7095.0,6469.0,0
360000.0,29,1,-2,-2,-2,-2,-2,0.0,0.0,0.0,0.0,0.0,0.0,0.0,0.0,0.0,0.0,0.0,0.0,0
290000.0,51,0,0,0,0,0,0,225478.0,225603.0,216488.0,152892.0,150051.0,146287.0,10026.0,10006.0,7000.0,5000.0,5200.0,5500.0,0
50000.0,24,-1,0,-1,2,2,-2,18625.0,19956.0,5177.0,2071.0,0.0,0.0,2071.0,5191.0,6.0,0.0,0.0,10450.0,0
180000.0,45,-1,-1,-1,-1,-1,-1,4453.0,3310.0,7226.0,5060.0,2832.0,1890.0,3310.0,7228.0,5060.0,2832.0,1890.0,2576.0,0
20000.0,47,1,2,0,0,0,0,9325.0,8562.0,9571.0,9912.0,10036.0,10400.0,1000.0,1159.0,500.0,432.0,600.0,0.0,0
50000.0,49,-1,-1,0,0,-1,-1,3126.0,25362.0,23683.0,22833.0,1352.0,20791.0,25368.0,1237.0,457.0,1354.0,20794.0,540.0,0
50000.0,45,0,0,0,0,0,0,20408.0,16422.0,14388.0,18804.0,23460.0,27870.0,6000.0,5000.0,5000.0,5000.0,5000.0,5000.0,0
20000.0,46,0,0,0,0,0,-2,15523.0,17264.0,18325.0,15680.0,0.0,0.0,2000.0,1500.0,500.0,0.0,0.0,0.0,0
450000.0,42,-1,-1,-1,-1,-1,-1,72517.0,0.0,6281.0,3446.0,6157.0,0.0,0.0,6281.0,3446.0,6157.0,0.0,14380.0,0
20000.0,34,2,0,0,2,2,2,6099.0,7559.0,8989.0,8436.0,12016.0,11404.0,2000.0,2000.0,0.0,4000.0,0.0,4000.0,0
150000.0,35,0,0,0,0,0,0,145063.0,134701.0,133145.0,120821.0,107280.0,105510.0,5000.0,5000.0,4030.0,4000.0,4000.0,4000.0,0
150000.0,32,0,0,0,0,0,0,76215.0,72149.0,58228.0,38495.0,35807.0,24871.0,22365.0,10000.0,3993.0,15838.0,10000.0,7780.0,0
80000.0,25,1,2,0,0,0,0,78894.0,79989.0,79882.0,67946.0,51435.0,53113.0,3000.0,3500.0,5000.0,2500.0,2500.0,2000.0,0
360000.0,43,-2,-2,-2,-2,-2,-2,6088.0,17980.0,4890.0,3008.0,3920.0,19282.0,17980.0,4897.0,3008.0,3920.0,19282.0,52087.0,0
50000.0,25,-1,-1,2,0,0,0,1789.0,50005.0,48731.0,46882.0,500.0,0.0,48731.0,0.0,2102.0,0.0,0.0,0.0,0
160000.0,30,1,-2,-2,-2,-2,-2,0.0,0.0,0.0,0.0,0.0,0.0,0.0,0.0,0.0,0.0,0.0,679.0,0
80000.0,26,0,0,0,0,0,0,76436.0,75437.0,58309.0,59217.0,59955.0,57100.0,5990.0,2500.0,3000.0,2500.0,3000.0,1500.0,0
80000.0,44,0,0,0,0,0,0,68677.0,68947.0,67025.0,64850.0,63658.0,63005.0,3152.0,2873.0,2380.0,2401.0,2492.0,2073.0,0
30000.0,58,0,0,0,0,0,0,9819.0,10873.0,9646.0,9995.0,10371.0,5139.0,1230.0,1100.0,419.0,600.0,500.0,500.0,0
150000.0,28,-1,-1,-1,0,0,0,108.0,-218.0,63174.0,43374.0,43950.0,44501.0,0.0,65748.0,1537.0,1585.0,1597.0,1615.0,0
240000.0,41,0,0,0,2,3,3,102488.0,105785.0,109082.0,119221.0,118144.0,118029.0,6500.0,6500.0,13500.0,2300.0,2002.0,0.0,0
290000.0,29,-1,-1,-1,-1,0,0,783.0,2830.0,1357.0,14959.0,13459.0,115990.0,2838.0,1359.0,14968.0,2022.0,110142.0,205.0,0
50000.0,54,2,0,0,-1,0,0,55518.0,52931.0,55122.0,33975.0,18827.0,19222.0,3000.0,4000.0,53083.0,1268.0,708.0,664.0,0
240000.0,32,0,0,0,0,0,0,308013.0,190907.0,192181.0,189877.0,188205.0,182325.0,7000.0,6615.0,6401.0,6503.0,6393.0,6051.0,0
140000.0,40,0,0,0,0,0,0,138389.0,110701.0,83468.0,41202.0,41687.0,36335.0,5148.0,3216.0,2003.0,3000.0,3041.0,5056.0,0
200000.0,26,0,0,0,0,0,0,29339.0,21624.0,22409.0,11671.0,5493.0,3288.0,2000.0,1770.0,2003.0,900.0,1800.0,1569.0,0
50000.0,31,0,0,0,0,0,0,40019.0,20394.0,19597.0,17830.0,18397.0,19064.0,2006.0,1519.0,1000.0,1000.0,1000.0,1000.0,0
320000.0,28,0,-1,0,0,0,0,10668.0,44197.0,36538.0,34603.0,31596.0,30155.0,44462.0,12000.0,2000.0,1000.0,1000.0,5098.0,0
200000.0,46,-1,-1,-1,-1,-1,-1,10687.0,18021.0,3275.0,5430.0,6683.0,7790.0,18031.0,3275.0,5430.0,6871.0,7790.0,8901.0,0
240000.0,38,0,0,0,0,0,0,231990.0,202714.0,199711.0,203767.0,208015.0,220109.0,10028.0,7711.0,7767.0,8015.0,15829.0,9000.0,0
80000.0,27,0,0,0,0,0,0,81787.0,77845.0,60159.0,54151.0,45108.0,44490.0,2600.0,3009.0,2200.0,2000.0,2000.0,2832.0,0
150000.0,35,-1,2,-1,2,-1,-1,1877.0,709.0,2264.0,1143.0,163.0,2036.0,0.0,2264.0,0.0,163.0,2036.0,0.0,0
90000.0,32,-1,2,-1,-1,-2,-1,3682.0,3472.0,33784.0,0.0,0.0,256.0,0.0,33812.0,0.0,0.0,256.0,3500.0,0
500000.0,49,-1,-1,-1,0,0,-1,27891.0,8970.0,385228.0,391047.0,0.0,150.0,8982.0,385228.0,7821.0,0.0,150.0,363.0,0
120000.0,31,0,0,0,0,0,2,82683.0,83075.0,75735.0,62511.0,62179.0,60981.0,4445.0,4020.0,3000.0,5700.0,0.0,2500.0,0
430000.0,34,0,0,0,0,0,0,416678.0,424740.0,434836.0,378571.0,228568.0,232668.0,16005.0,18016.0,16005.0,9005.0,9013.0,8010.0,0
50000.0,37,-1,2,0,0,0,0,2564.0,2378.0,4167.0,5438.0,6193.0,6939.0,0.0,2000.0,1500.0,1000.0,1000.0,1000.0,0
80000.0,40,0,0,0,-1,-1,-1,81511.0,65605.0,62779.0,634.0,892.0,412.0,3200.0,3000.0,1000.0,1000.0,412.0,3542.0,0
50000.0,27,-1,-1,-1,-1,-1,-1,492.0,492.0,492.0,492.0,492.0,470.0,493.0,493.0,493.0,493.0,471.0,7739.0,0
50000.0,55,2,0,0,0,0,0,47067.0,48410.0,49218.0,18937.0,19183.0,19761.0,2400.0,2200.0,824.0,700.0,900.0,852.0,0
450000.0,40,-2,-2,-2,-2,-2,-2,799.0,0.0,0.0,0.0,0.0,0.0,0.0,0.0,0.0,0.0,0.0,0.0,0
70000.0,39,0,0,0,0,0,-1,70800.0,72060.0,69938.0,16518.0,14096.0,830.0,4025.0,2095.0,1000.0,2000.0,3000.0,0.0,0
320000.0,36,0,0,0,0,0,0,318022.0,321560.0,150062.0,139555.0,116315.0,106541.0,10810.0,4746.0,4241.0,3275.0,3265.0,2865.0,0
50000.0,22,-1,0,0,0,0,0,8567.0,15273.0,11650.0,7457.0,3115.0,7725.0,15000.0,1000.0,149.0,0.0,5000.0,10000.0,0
60000.0,28,0,0,0,0,0,2,42243.0,37131.0,38136.0,38903.0,41483.0,40257.0,7773.0,1628.0,1395.0,3210.0,0.0,2000.0,0
160000.0,25,-1,-1,-1,-1,0,0,1532.0,0.0,465.0,1791.0,1644.0,956.0,0.0,465.0,1792.0,33.0,0.0,2394.0,0
100000.0,28,-1,-1,-1,-1,-1,-1,555.0,712.0,712.0,712.0,862.0,712.0,712.0,712.0,712.0,862.0,712.0,1840.0,1
130000.0,41,2,2,0,0,0,0,133894.0,130312.0,128653.0,100795.0,95299.0,86564.0,0.0,7347.0,4000.0,3450.0,3300.0,4000.0,1
140000.0,27,-2,-2,-2,-2,-2,-2,444.0,0.0,1650.0,0.0,2226.0,0.0,0.0,1650.0,0.0,2226.0,0.0,656.0,1
20000.0,40,1,2,0,0,0,2,8201.0,8912.0,10110.0,10817.0,11637.0,11307.0,1000.0,1500.0,1180.0,1000.0,0.0,1000.0,1
40000.0,43,0,0,0,0,0,0,41094.0,36554.0,37568.0,38314.0,39141.0,40231.0,1611.0,1625.0,1371.0,1444.0,1765.0,1283.0,1
70000.0,25,1,2,0,0,0,0,69447.0,67209.0,56580.0,24991.0,16036.0,16667.0,0.0,4000.0,1500.0,3000.0,2500.0,5000.0,1
420000.0,25,1,2,0,0,0,0,72874.0,71035.0,57503.0,56467.0,53995.0,55304.0,0.0,2000.0,1892.0,1979.0,2226.0,23011.0,1
50000.0,29,2,2,2,2,2,2,39634.0,40697.0,41526.0,42045.0,42822.0,43962.0,2000.0,1800.0,1500.0,1600.0,2000.0,1700.0,1
80000.0,45,-1,-1,-1,-1,-1,-1,1473.0,1473.0,24770.0,3366.0,1473.0,44314.0,1473.0,24770.0,3366.0,1473.0,44314.0,4000.0,1
100000.0,41,2,2,2,2,2,0,97031.0,96919.0,93277.0,97576.0,94742.0,95578.0,3500.0,0.0,7000.0,0.0,3600.0,4000.0,1
20000.0,22,-1,2,2,2,0,0,12831.0,12328.0,15195.0,14659.0,14642.0,15102.0,0.0,3077.0,0.0,524.0,696.0,300.0,1
210000.0,28,1,-2,-2,-2,-2,-2,0.0,0.0,0.0,0.0,0.0,0.0,0.0,0.0,0.0,0.0,0.0,0.0,1
260000.0,29,1,-1,0,-1,-1,-1,15502.0,16832.0,16832.0,16332.0,16332.0,-334.0,18000.0,16666.0,16666.0,16666.0,0.0,17000.0,1
130000.0,37,0,0,0,0,0,0,3811.0,8692.0,10467.0,10067.0,12567.0,12567.0,5000.0,2000.0,0.0,2500.0,0.0,0.0,1
230000.0,41,0,0,0,0,0,0,9552.0,11376.0,13185.0,14648.0,15419.0,15423.0,2000.0,2000.0,2000.0,1000.0,562.0,2000.0,1
120000.0,32,-1,-1,-1,-1,-1,-1,890.0,390.0,390.0,1480.0,0.0,6477.0,390.0,390.0,1480.0,0.0,6477.0,0.0,1
20000.0,23,0,0,0,0,0,0,18963.0,19904.0,18038.0,19032.0,17372.0,17893.0,1300.0,1400.0,1300.0,700.0,800.0,1000.0,1
450000.0,38,-2,-2,-2,-2,-2,-2,390.0,390.0,390.0,390.0,390.0,390.0,390.0,780.0,390.0,390.0,390.0,390.0,1
80000.0,24,2,0,0,0,0,0,79434.0,80246.0,80167.0,60201.0,47850.0,48698.0,3100.0,2650.0,2065.0,1850.0,1756.0,2100.0,1
140000.0,25,1,-2,-2,-1,-1,-1,-74.0,-770.0,-1466.0,522.0,142.0,-554.0,0.0,0.0,3000.0,0.0,0.0,0.0,1
50000.0,50,-2,-2,-2,-2,-2,-2,3526.0,-4.0,1473.0,2517.0,1217.0,4459.0,0.0,1477.0,2524.0,1320.0,4572.0,2206.0,1
10000.0,44,-2,-2,-2,-1,0,0,390.0,390.0,780.0,17585.0,18301.0,18663.0,390.0,780.0,17585.0,1000.0,667.0,692.0,1
30000.0,35,0,0,0,0,0,0,31955.0,30429.0,27286.0,21919.0,19015.0,2732.0,1800.0,1388.0,1501.0,1001.0,2732.0,3280.0,1
50000.0,27,1,2,0,0,0,0,47568.0,46482.0,44546.0,40745.0,19910.0,17786.0,0.0,2000.0,1241.0,633.0,616.0,2500.0,1
20000.0,25,0,0,0,0,0,0,18825.0,18545.0,18606.0,18904.0,19433.0,18902.0,1300.0,1613.0,1301.0,830.0,698.0,822.0,1
80000.0,41,0,0,0,2,0,0,78480.0,77063.0,76720.0,74651.0,57109.0,46703.0,3100.0,6300.0,0.0,1743.0,1588.0,1628.0,1
360000.0,34,1,-2,-2,-2,-2,-2,0.0,0.0,0.0,0.0,0.0,0.0,0.0,0.0,0.0,0.0,0.0,0.0,1
50000.0,22,2,2,2,2,2,2,36665.0,40362.0,39441.0,41318.0,13996.0,14974.0,4626.0,0.0,3003.0,0.0,1206.0,0.0,1
200000.0,25,1,-2,-2,-1,0,0,0.0,0.0,0.0,1517.0,48669.0,49635.0,0.0,0.0,1517.0,48000.0,1775.0,1992.0,1
30000.0,31,-1,-1,0,0,-1,-1,6456.0,4390.0,3016.0,4504.0,5755.0,3560.0,4398.0,3000.0,3009.0,5767.0,3566.0,26444.0,1
30000.0,23,2,0,0,0,0,0,25665.0,26669.0,28080.0,28836.0,28812.0,29400.0,1433.0,1844.0,1600.0,576.0,588.0,600.0,1
30000.0,31,3,2,2,2,2,2,23368.0,24688.0,24988.0,24288.0,26098.0,25530.0,2000.0,1000.0,0.0,2200.0,0.0,1100.0,1
50000.0,31,3,2,2,2,2,2,15208.0,14667.0,21204.0,21363.0,20722.0,22384.0,0.0,6828.0,800.0,0.0,2000.0,0.0,1
450000.0,42,2,0,0,0,0,0,152652.0,128708.0,100429.0,77069.0,63851.0,36877.0,7032.0,3003.0,10000.0,11000.0,3000.0,58000.0,1
180000.0,38,2,2,0,0,0,-2,21564.0,20939.0,22182.0,12382.0,-18.0,-18.0,0.0,2100.0,200.0,0.0,0.0,0.0,1
160000.0,37,2,-1,-1,-1,-1,-1,833.0,833.0,833.0,833.0,833.0,833.0,833.0,833.0,833.0,833.0,833.0,833.0,1
230000.0,31,0,0,0,0,0,0,14529.0,16597.0,18968.0,21435.0,27151.0,26815.0,5500.0,3000.0,4000.0,8000.0,4000.0,5000.0,1
30000.0,21,4,3,2,0,0,0,32179.0,31397.0,30358.0,29758.0,29758.0,23036.0,0.0,0.0,0.0,0.0,1000.0,0.0,1
600000.0,53,2,2,2,0,0,0,458652.0,467150.0,458862.0,469703.0,447130.0,440982.0,17000.0,0.0,18000.0,16000.0,16000.0,21000.0,1
160000.0,34,1,-2,-2,-1,0,-1,-49.0,-375.0,-1027.0,603.0,277.0,1451.0,0.0,0.0,1630.0,0.0,1500.0,0.0,1
50000.0,29,-1,-1,-1,0,-1,-1,2459.0,2471.0,6015.0,5625.0,3056.0,2439.0,2471.0,6015.0,0.0,3056.0,2439.0,3026.0,1
30000.0,52,1,2,2,2,-1,-1,10033.0,6486.0,7064.0,2890.0,2500.0,3280.0,0.0,3192.0,0.0,2500.0,3280.0,0.0,1
140000.0,50,-1,2,-1,-1,-1,-1,780.0,780.0,390.0,0.0,780.0,390.0,0.0,390.0,0.0,780.0,390.0,0.0,1
500000.0,23,4,3,2,0,0,0,507726.0,509229.0,499936.0,505507.0,484612.0,419643.0,10000.0,0.0,14000.0,16500.0,16000.0,19000.0,1
60000.0,24,2,0,0,0,0,0,27019.0,25100.0,21023.0,16973.0,12410.0,11944.0,1686.0,2000.0,1000.0,1000.0,6000.0,5000.0,1
180000.0,45,-1,0,0,0,0,0,27679.0,28422.0,29650.0,29981.0,30419.0,31127.0,1481.0,2000.0,1100.0,1200.0,1500.0,1500.0,1
20000.0,47,0,0,0,2,2,2,10628.0,11650.0,14252.0,13678.0,15041.0,14751.0,1200.0,2800.0,0.0,1500.0,0.0,1000.0,1
90000.0,45,2,2,2,2,2,2,45820.0,46770.0,45741.0,48729.0,49628.0,50680.0,2000.0,0.0,3755.0,2000.0,2000.0,2100.0,1
50000.0,40,2,2,0,0,0,0,49157.0,47990.0,38426.0,7816.0,7859.0,7979.0,0.0,2050.0,500.0,500.0,400.0,400.0,1
90000.0,24,1,2,0,0,0,0,88550.0,78892.0,75808.0,63362.0,65300.0,67248.0,3000.0,3500.0,3000.0,3000.0,3000.0,5000.0,1
20000.0,45,2,0,0,0,0,0,14064.0,12451.0,11176.0,6934.0,11203.0,7737.0,3000.0,1006.0,144.0,10000.0,308.0,2000.0,1
70000.0,26,2,2,2,3,2,2,42583.0,43600.0,47550.0,46487.0,47298.0,46384.0,2000.0,5000.0,0.0,1700.0,0.0,3700.0,1
70000.0,32,3,3,4,4,5,6,31507.0,33699.0,35839.0,37954.0,39787.0,41601.0,3000.0,3000.0,3000.0,3000.0,3000.0,0.0,1
120000.0,29,0,0,0,2,0,0,6385.0,9262.0,11793.0,11307.0,14102.0,15871.0,3000.0,2691.0,0.0,3000.0,2000.0,0.0,1
30000.0,25,-2,-2,-2,-2,-2,-2,780.0,0.0,390.0,749.0,390.0,0.0,0.0,390.0,749.0,390.0,0.0,805.0,1
240000.0,34,0,-1,-1,-1,-1,-1,1670.0,1479.0,1479.0,1479.0,1479.0,1240.0,1479.0,1479.0,1479.0,1479.0,1240.0,1655.0,1
60000.0,34,-1,-1,-1,-1,-1,-1,326.0,326.0,326.0,326.0,476.0,326.0,326.0,326.0,326.0,476.0,326.0,326.0,1
140000.0,28,0,0,3,2,2,0,47547.0,55621.0,54174.0,54599.0,53124.0,54393.0,9532.0,0.0,1900.0,0.0,2124.0,2427.0,1
210000.0,51,2,0,0,0,0,2,42795.0,43787.0,44826.0,45544.0,48497.0,47591.0,2007.0,2046.0,1764.0,3717.0,0.0,1885.0,1
90000.0,44,-1,-1,-1,-1,-1,-1,390.0,390.0,390.0,390.0,390.0,390.0,390.0,390.0,390.0,390.0,390.0,390.0,1
80000.0,52,0,0,0,0,0,0,73056.0,74736.0,65581.0,63939.0,65278.0,66578.0,2953.0,2333.0,2288.0,2369.0,2385.0,2458.0,1
10000.0,36,0,0,2,0,0,-1,7393.0,9400.0,7226.0,5733.0,5755.0,1600.0,2329.0,0.0,1007.0,2200.0,1600.0,3883.0,1
60000.0,49,0,0,2,2,0,0,59902.0,61336.0,61792.0,57619.0,12996.0,2054.0,3400.0,4500.0,17.0,500.0,1500.0,1000.0,1
30000.0,53,-1,-1,-1,-1,-1,-1,1598.0,2487.0,0.0,4810.0,2796.0,3245.0,2487.0,0.0,4810.0,2796.0,3245.0,7305.0,1
210000.0,30,-1,0,0,0,-1,0,1993.0,2722.0,2753.0,291.0,582.0,291.0,1062.0,1000.0,0.0,582.0,0.0,2682.0,1
50000.0,33,2,0,0,0,0,0,30518.0,29618.0,22102.0,22734.0,23217.0,23680.0,1718.0,1500.0,1000.0,1000.0,1000.0,716.0,1
320000.0,46,2,4,3,2,2,2,339202.0,337495.0,325700.0,313988.0,327542.0,317129.0,5000.0,0.0,0.0,23800.0,0.0,12165.0,1
320000.0,48,2,2,2,2,2,2,206732.0,201932.0,215392.0,218370.0,220977.0,225021.0,0.0,18300.0,8000.0,7700.0,7700.0,0.0,1
140000.0,44,2,0,0,0,0,0,84371.0,85119.0,86901.0,89583.0,90432.0,92332.0,3046.0,3153.0,4126.0,3231.0,3351.0,3400.0,1
50000.0,34,1,2,2,2,0,0,53916.0,55036.0,56075.0,54515.0,52250.0,52433.0,2600.0,2500.0,0.0,2000.0,4000.0,0.0,1
50000.0,25,3,3,2,2,2,2,35592.0,36518.0,36822.0,37421.0,38424.0,39035.0,1800.0,1200.0,1500.0,1750.0,1390.0,0.0,1
50000.0,25,2,2,3,2,2,2,40959.0,43870.0,42891.0,43582.0,44561.0,45592.0,3900.0,0.0,1700.0,2000.0,1900.0,1800.0,1
50000.0,25,0,0,0,0,0,0,30479.0,31200.0,31817.0,29229.0,29529.0,30053.0,1528.0,1461.0,1030.0,1070.0,1320.0,1212.0,1
40000.0,27,2,0,0,0,0,0,10181.0,11058.0,11471.0,11776.0,12660.0,12660.0,2500.0,2000.0,1500.0,2330.0,2300.0,1000.0,1
130000.0,48,2,0,0,0,0,0,121409.0,123106.0,125614.0,125451.0,84103.0,84436.0,6000.0,6592.0,4000.0,3000.0,3062.0,4000.0,1
200000.0,48,-1,-1,-1,-1,-1,-1,657.0,0.0,2080.0,3567.0,0.0,1731.0,0.0,2080.0,3567.0,0.0,1731.0,1081.0,1
40000.0,37,2,2,2,2,2,0,25561.0,26343.0,25635.0,28100.0,27352.0,27862.0,1500.0,0.0,2900.0,0.0,1100.0,2400.0,1
360000.0,48,1,-1,-1,-2,-2,-2,491.0,3670.0,-114.0,-200.0,-200.0,-200.0,3700.0,0.0,0.0,0.0,0.0,0.0,1
170000.0,37,-1,-1,-1,-1,-1,-1,4334.0,1343.0,1078.0,1392.0,1606.0,9955.0,1343.0,1078.0,1392.0,1606.0,9955.0,4382.0,1
130000.0,24,2,2,-1,0,0,-2,1176.0,0.0,41.0,1062.0,-201.0,-201.0,0.0,41.0,1021.0,0.0,0.0,0.0,1
160000.0,23,-1,2,0,0,0,-1,116212.0,88542.0,68311.0,48875.0,37261.0,4267.0,0.0,2483.0,900.0,20000.0,4267.0,24659.0,1
30000.0,36,2,0,0,0,0,0,24796.0,26088.0,27032.0,26723.0,23143.0,17106.0,2000.0,1804.0,2014.0,1521.0,1204.0,1500.0,1
180000.0,35,1,2,2,2,2,2,133424.0,134835.0,131176.0,139976.0,138325.0,146136.0,5000.0,0.0,11000.0,700.0,10300.0,0.0,1
160000.0,26,0,0,0,-1,-1,-1,2198.0,11155.0,0.0,12315.0,0.0,11855.0,9155.0,0.0,12315.0,0.0,11855.0,0.0,1
160000.0,52,1,2,-1,0,0,0,2259.0,1869.0,12671.0,8315.0,5085.0,4900.0,1310.0,12671.0,166.0,102.0,1100.0,2610.0,1
470000.0,37,2,0,0,0,0,0,499024.0,494290.0,470617.0,398523.0,389927.0,381295.0,20600.0,19000.0,14000.0,13600.0,13600.0,13500.0,1
60000.0,25,2,2,2,2,4,3,38050.0,39147.0,38223.0,43261.0,42009.0,41036.0,2000.0,0.0,6000.0,0.0,0.0,1400.0,1
110000.0,24,2,2,2,2,2,2,107378.0,109604.0,111661.0,112299.0,113035.0,109678.0,5500.0,5300.0,4000.0,4000.0,0.0,4540.0,1
30000.0,23,0,0,0,0,0,0,28767.0,27567.0,28638.0,28818.0,29439.0,17685.0,1749.0,1820.0,1000.0,621.0,354.0,0.0,1
50000.0,22,2,2,2,2,2,2,46035.0,46620.0,47341.0,45527.0,48358.0,47442.0,2000.0,1800.0,0.0,4100.0,0.0,2500.0,1
100000.0,48,-1,-1,2,2,-1,-1,390.0,780.0,390.0,0.0,780.0,0.0,780.0,0.0,0.0,780.0,0.0,0.0,1
280000.0,38,-1,-1,2,0,0,-1,5165.0,8559.0,6455.0,544.0,0.0,4694.0,6455.0,11.0,5.0,0.0,4694.0,5292.0,1
80000.0,24,2,2,0,0,0,0,48597.0,49259.0,46209.0,46574.0,47230.0,48282.0,1800.0,1800.0,1800.0,1800.0,1800.0,2000.0,1
130000.0,45,-1,-1,-1,-1,-1,-1,1475.0,1826.0,2831.0,2756.0,1585.0,1215.0,1826.0,2831.0,2756.0,1585.0,1215.0,2402.0,1
20000.0,22,3,4,3,2,0,0,22353.0,21720.0,21098.0,20334.0,19943.0,19956.0,0.0,0.0,0.0,458.0,463.0,235.0,1
20000.0,24,1,2,0,0,0,2,16981.0,16424.0,17242.0,18448.0,19495.0,20026.0,0.0,1400.0,1500.0,1500.0,1000.0,0.0,1
50000.0,25,0,0,0,0,0,2,20636.0,17792.0,17422.0,17273.0,18827.0,16996.0,1604.0,1702.0,1500.0,2004.0,16.0,607.0,1
20000.0,24,2,2,0,0,2,0,15166.0,14638.0,15582.0,17809.0,17385.0,18437.0,0.0,1500.0,2500.0,0.0,1500.0,1500.0,1
60000.0,43,2,2,-2,-2,-2,-1,4703.0,0.0,0.0,0.0,0.0,992.0,0.0,0.0,0.0,0.0,992.0,14000.0,1
70000.0,29,2,2,2,2,2,2,33786.0,34730.0,35878.0,36392.0,36990.0,37751.0,1800.0,2000.0,1400.0,1500.0,1500.0,1600.0,1
60000.0,34,-1,2,2,2,2,-1,2084.0,145.0,145.0,145.0,145.0,1195.0,0.0,0.0,0.0,0.0,1200.0,0.0,1
150000.0,48,1,2,0,0,2,0,144837.0,141815.0,143704.0,151572.0,149807.0,153088.0,0.0,5000.0,9500.0,0.0,5005.0,6010.0,1
400000.0,27,-2,-2,-2,-2,-2,-2,0.0,0.0,0.0,0.0,18014.0,0.0,0.0,0.0,0.0,18014.0,3710.0,0.0,1
50000.0,32,0,0,0,0,0,0,47445.0,37395.0,9858.0,8536.0,9674.0,9591.0,1697.0,1118.0,285.0,299.0,1110.0,40207.0,1
80000.0,34,0,0,2,2,2,0,73839.0,78934.0,76649.0,81845.0,80021.0,82334.0,6700.0,0.0,7500.0,0.0,4200.0,3000.0,1
160000.0,32,-1,-1,-1,-1,-1,-1,1375.0,3503.0,2688.0,2142.0,7139.0,1872.0,3645.0,2688.0,2142.0,7139.0,1872.0,10573.0,1
20000.0,26,2,2,2,0,0,0,19017.0,20018.0,19384.0,19405.0,19978.0,19791.0,1600.0,0.0,600.0,847.0,670.0,483.0,1
40000.0,24,0,0,0,2,2,0,29782.0,32298.0,34610.0,35326.0,23489.0,11762.0,3000.0,3000.0,1500.0,0.0,1000.0,500.0,1
300000.0,32,-2,-2,-2,-2,-2,-2,880.0,788.0,10742.0,1349.0,10522.0,0.0,788.0,10774.0,1353.0,10522.0,0.0,3376.0,1
250000.0,35,2,0,0,0,0,0,92966.0,37341.0,38905.0,35356.0,34978.0,35822.0,1641.0,2205.0,2000.0,2000.0,1000.0,1000.0,1
20000.0,31,0,0,0,0,0,0,15654.0,16425.0,17265.0,16647.0,12213.0,10998.0,1330.0,1170.0,500.0,420.0,397.0,221.0,1
20000.0,27,1,2,0,0,2,2,7326.0,7060.0,8240.0,9582.0,9279.0,9971.0,0.0,1296.0,1638.0,0.0,844.0,0.0,1
80000.0,46,2,0,0,0,0,0,77142.0,78255.0,79425.0,70583.0,48308.0,46049.0,3000.0,3055.0,3047.0,1663.0,1692.0,1618.0,1
50000.0,26,2,0,0,2,2,0,26023.0,27054.0,29458.0,29737.0,29123.0,29854.0,1453.0,2857.0,1058.0,0.0,1216.0,1097.0,1
20000.0,30,2,0,0,0,0,0,15997.0,17336.0,18345.0,18643.0,19094.0,19224.0,1600.0,1602.0,900.0,900.0,636.0,744.0,1
220000.0,36,0,0,0,0,0,0,222598.0,222168.0,217900.0,221193.0,181859.0,184605.0,10000.0,8018.0,10121.0,6006.0,10987.0,143779.0,1
20000.0,31,-1,5,4,3,2,0,14320.0,13815.0,13403.0,12888.0,12019.0,11500.0,0.0,86.0,0.0,0.0,435.0,480.0,1
50000.0,50,2,2,2,2,2,2,27525.0,28669.0,28569.0,30097.0,29858.0,31229.0,1900.0,650.0,2300.0,550.0,2000.0,0.0,1
40000.0,25,-1,-1,-1,0,-1,0,1946.0,17810.0,2872.0,396.0,2462.0,396.0,17810.0,2872.0,0.0,2462.0,0.0,17188.0,1
80000.0,53,3,2,0,0,0,0,35637.0,34783.0,36198.0,37094.0,38489.0,40341.0,0.0,2000.0,1500.0,2000.0,2500.0,2000.0,1
70000.0,25,0,0,0,0,2,2,73939.0,70488.0,51152.0,35122.0,28633.0,28039.0,3000.0,2000.0,4500.0,1200.0,0.0,1200.0,1
170000.0,27,-2,-2,-2,-2,-2,-2,106.0,18719.0,30000.0,0.0,0.0,1532.0,18719.0,30000.0,0.0,0.0,1532.0,0.0,1
160000.0,38,1,-2,-2,-2,-2,-2,0.0,0.0,0.0,0.0,0.0,0.0,0.0,0.0,0.0,0.0,0.0,0.0,1
230000.0,48,-1,-1,-1,-1,-1,-1,3096.0,518.0,4988.0,3528.0,3642.0,14073.0,518.0,5003.0,3528.0,3642.0,14073.0,1485.0,1
160000.0,33,0,0,2,2,0,0,82535.0,84300.0,86091.0,83839.0,85552.0,88028.0,4000.0,4000.0,0.0,4000.0,4000.0,4000.0,1
10000.0,56,2,2,2,0,0,0,2097.0,4193.0,3978.0,4062.0,4196.0,4326.0,2300.0,0.0,150.0,200.0,200.0,160.0,1
20000.0,28,2,2,2,2,2,2,15522.0,18442.0,17862.0,19756.0,19143.0,21671.0,3186.0,0.0,2500.0,0.0,3000.0,0.0,1
140000.0,28,0,0,0,0,0,0,135648.0,138049.0,99274.0,100878.0,102984.0,106628.0,5247.0,3213.0,2857.0,2963.0,4566.0,1969.0,1
140000.0,34,2,2,2,2,2,2,124640.0,131032.0,132065.0,129307.0,131154.0,134470.0,9900.0,4700.0,800.0,4012.0,9800.0,1.0,1
210000.0,33,0,0,0,0,0,0,141571.0,138588.0,142343.0,69004.0,70596.0,69388.0,5000.0,6000.0,2270.0,2500.0,2472.0,2600.0,1
50000.0,44,0,0,0,0,0,0,49996.0,50386.0,24565.0,21098.0,18965.0,18063.0,1596.0,1291.0,695.0,668.0,654.0,637.0,1
210000.0,27,0,0,0,0,0,0,18430.0,19809.0,21482.0,23118.0,23437.0,24900.0,2000.0,2000.0,2000.0,1000.0,2000.0,2000.0,1
20000.0,35,-1,2,2,-1,0,0,17007.0,16200.0,0.0,8303.0,8519.0,9371.0,0.0,0.0,8303.0,500.0,1000.0,460.0,1
20000.0,49,0,0,0,0,0,0,17543.0,17888.0,18577.0,18111.0,19114.0,17038.0,2100.0,1700.0,3500.0,2000.0,1000.0,1000.0,1
70000.0,34,2,2,2,2,2,2,43357.0,44347.0,43357.0,46626.0,47562.0,48651.0,2000.0,0.0,4000.0,2000.0,2000.0,2000.0,1
90000.0,25,-1,-1,-1,-1,-2,-2,1407.0,4989.0,998.0,0.0,0.0,0.0,5000.0,998.0,0.0,0.0,0.0,0.0,1
30000.0,27,0,0,0,0,0,0,26264.0,27536.0,28771.0,27744.0,28302.0,29725.0,2000.0,2005.0,1000.0,1000.0,2250.0,0.0,1
140000.0,37,-1,-1,-1,-1,-1,-1,326.0,326.0,326.0,1516.0,326.0,1439.0,326.0,326.0,1516.0,326.0,1439.0,326.0,1
50000.0,27,-1,0,0,0,3,2,29321.0,30048.0,31396.0,35045.0,34203.0,34743.0,1503.0,1851.0,4500.0,0.0,1250.0,0.0,1
140000.0,56,0,0,0,0,0,0,136084.0,138468.0,93802.0,94531.0,96264.0,98135.0,6500.0,4300.0,3500.0,3600.0,3881.0,4200.0,1
110000.0,54,2,2,2,2,2,2,56839.0,58039.0,58792.0,59620.0,60819.0,62069.0,2700.0,2300.0,2400.0,2300.0,2400.0,0.0,1
50000.0,26,0,0,0,0,0,2,44838.0,45894.0,47121.0,45625.0,49367.0,46001.0,1769.0,1996.0,1800.0,4603.0,0.0,1486.0,1
270000.0,38,2,2,2,2,2,2,258442.0,263195.0,268769.0,263144.0,273783.0,239278.0,10350.0,11000.0,0.0,16002.0,111.0,8100.0,1
180000.0,38,-1,-1,2,0,0,0,54198.0,54173.0,52687.0,52096.0,51508.0,50867.0,4400.0,0.0,2000.0,2000.0,2000.0,3000.0,1
150000.0,42,-2,-2,-2,-2,-2,-2,0.0,0.0,0.0,0.0,0.0,0.0,0.0,0.0,0.0,0.0,0.0,0.0,1
10000.0,49,1,-1,-1,-1,-1,-2,-20.0,780.0,0.0,780.0,0.0,0.0,800.0,0.0,780.0,0.0,0.0,0.0,1
50000.0,36,0,0,2,0,0,0,23368.0,27050.0,27086.0,28525.0,30895.0,33003.0,4400.0,761.0,2200.0,2862.0,2770.0,2200.0,1
30000.0,25,2,2,2,2,2,2,23888.0,26966.0,27640.0,26897.0,27949.0,29645.0,3800.0,1400.0,0.0,1500.0,2300.0,1114.0,1
200000.0,37,-1,2,-1,-1,-1,-1,2681.0,1273.0,2192.0,430.0,430.0,6136.0,0.0,2192.0,430.0,430.0,6136.0,2923.0,1
210000.0,30,0,0,0,2,0,0,85988.0,88410.0,93234.0,90571.0,94653.0,142549.0,5000.0,7500.0,0.0,6000.0,50000.0,0.0,1
360000.0,36,-1,-1,0,0,-1,2,15521.0,36003.0,51414.0,17993.0,11546.0,9771.0,36011.0,20094.0,1000.0,11546.0,0.0,306.0,1
100000.0,41,0,0,0,0,0,0,31452.0,32453.0,33490.0,34926.0,35771.0,36366.0,1527.0,1564.0,2000.0,1426.0,1320.0,1333.0,1
30000.0,29,1,2,2,2,2,2,25264.0,24560.0,29128.0,29845.0,30257.0,30779.0,0.0,5000.0,1500.0,1200.0,1300.0,0.0,1
130000.0,36,2,2,0,0,0,2,131989.0,128467.0,131073.0,132399.0,140254.0,139209.0,0.0,6230.0,5000.0,10200.0,4400.0,4570.0,1
30000.0,34,2,2,2,0,0,2,10522.0,10148.0,8587.0,8366.0,8528.0,7030.0,1200.0,0.0,1200.0,1500.0,0.0,460.0,1
300000.0,56,-2,-2,-2,-2,-2,-2,0.0,0.0,0.0,0.0,0.0,0.0,0.0,0.0,0.0,0.0,0.0,0.0,1
50000.0,30,0,0,0,0,0,2,25422.0,26456.0,27835.0,29070.0,30891.0,54741.0,1450.0,1800.0,2000.0,2600.0,0.0,2020.0,1
150000.0,27,-1,3,2,-1,-1,-1,942.0,616.0,290.0,326.0,740.0,17481.0,0.0,0.0,362.0,740.0,17481.0,1000.0,1
20000.0,41,0,0,0,2,2,0,10142.0,10869.0,13940.0,14755.0,14223.0,15337.0,1200.0,3250.0,1340.0,0.0,1500.0,5000.0,1
20000.0,23,1,2,2,-2,-2,-2,14428.0,14310.0,0.0,0.0,0.0,0.0,480.0,0.0,0.0,0.0,0.0,0.0,1
80000.0,32,2,0,0,0,0,2,79237.0,65301.0,67253.0,67352.0,74448.0,72928.0,3000.0,4005.0,2500.0,10000.0,0.0,5000.0,1
260000.0,39,0,0,0,0,0,0,255674.0,260778.0,124739.0,126892.0,131160.0,133400.0,10663.0,4520.0,4537.0,6308.0,6000.0,0.0,1
50000.0,35,0,0,0,0,0,0,7378.0,7543.0,7754.0,7825.0,7132.0,7319.0,1121.0,1168.0,1075.0,218.0,1100.0,0.0,1
60000.0,40,2,2,2,2,0,0,42922.0,45617.0,46549.0,32902.0,30677.0,31318.0,3700.0,2000.0,0.0,1059.0,1096.0,1114.0,1
160000.0,29,1,-2,-2,-2,-2,-2,0.0,0.0,0.0,0.0,0.0,0.0,0.0,0.0,0.0,0.0,0.0,0.0,1
10000.0,49,1,2,0,0,0,0,8184.0,5011.0,5728.0,4255.0,2782.0,1309.0,0.0,1000.0,0.0,0.0,0.0,0.0,1
50000.0,49,0,0,0,0,0,0,90231.0,90647.0,92309.0,93880.0,99418.0,101392.0,2852.0,2784.0,2603.0,10000.0,3164.0,2868.0,1
30000.0,27,0,0,0,0,0,0,30342.0,29337.0,29956.0,29782.0,27290.0,27865.0,1500.0,1485.0,2000.0,1000.0,1014.0,4413.0,1
320000.0,35,1,-2,-2,-2,-2,-2,291.0,2594.0,2691.0,291.0,291.0,291.0,2594.0,2691.0,291.0,291.0,291.0,3124.0,1
20000.0,33,0,0,0,0,0,-1,8488.0,10179.0,11901.0,11901.0,9336.0,9054.0,2000.0,2000.0,0.0,0.0,9054.0,2000.0,1
310000.0,29,0,-1,-1,0,0,-1,1469.0,1340.0,9794.0,15792.0,8944.0,88643.0,1340.0,9794.0,7004.0,1000.0,89137.0,4150.0,1
230000.0,35,-1,-1,-2,-2,-2,-2,3454.0,0.0,0.0,0.0,0.0,0.0,0.0,0.0,0.0,0.0,0.0,0.0,1
220000.0,30,2,-1,-1,-1,-1,-1,780.0,390.0,0.0,780.0,0.0,780.0,390.0,0.0,780.0,0.0,780.0,390.0,1
50000.0,22,0,0,0,0,0,0,34033.0,34622.0,19993.0,18852.0,18020.0,18537.0,1342.0,1500.0,700.0,651.0,1000.0,1000.0,1
240000.0,55,1,4,3,2,2,2,99259.0,96819.0,94429.0,95475.0,96603.0,98699.0,0.0,0.0,3500.0,3600.0,3800.0,3700.0,1
460000.0,37,1,2,0,0,0,0,268775.0,262956.0,268463.0,273066.0,278594.0,284423.0,0.0,9737.0,9060.0,9200.0,9480.0,9627.0,1
80000.0,25,2,0,0,0,0,0,69614.0,68836.0,69714.0,57318.0,46921.0,41072.0,3238.0,3103.0,3000.0,1800.0,1500.0,1700.0,1
70000.0,38,0,0,0,2,2,2,64839.0,65184.0,69361.0,69836.0,71179.0,69484.0,2400.0,5700.0,2600.0,3000.0,0.0,2800.0,1
210000.0,49,1,-2,-2,-2,-2,-2,0.0,0.0,0.0,0.0,0.0,0.0,0.0,0.0,0.0,0.0,0.0,0.0,1
50000.0,46,-1,2,2,-2,-2,-2,13473.0,12800.0,0.0,0.0,0.0,0.0,0.0,0.0,0.0,0.0,0.0,0.0,1
70000.0,69,1,2,0,0,0,0,11572.0,11095.0,12109.0,12905.0,14683.0,15435.0,0.0,1204.0,1000.0,2000.0,1000.0,1500.0,1
90000.0,55,2,2,2,0,0,0,83040.0,81998.0,83674.0,80890.0,31565.0,33049.0,900.0,4003.0,3000.0,3000.0,3000.0,2000.0,1
50000.0,24,1,2,2,0,-1,0,59197.0,55551.0,54083.0,50000.0,10135.0,9952.0,2000.0,0.0,1000.0,10135.0,358.0,403.0,1
100000.0,41,-1,-1,-1,-1,0,0,91.0,949.0,3079.0,6427.0,6558.0,0.0,957.0,3079.0,6427.0,131.0,0.0,0.0,1
310000.0,46,2,0,0,0,0,0,102064.0,104072.0,105063.0,107113.0,109263.0,120347.0,5030.0,4000.0,3633.0,3671.0,12600.0,0.0,1
20000.0,36,0,0,2,0,0,0,14822.0,17216.0,17541.0,18300.0,19100.0,2200.0,3641.0,900.0,1200.0,1000.0,100.0,0.0,1
80000.0,25,0,0,0,-1,0,0,8852.0,1946.0,1473.0,48029.0,47525.0,47181.0,1000.0,1000.0,48029.0,2000.0,2000.0,2000.0,1
50000.0,23,-1,-1,-1,-2,-2,-2,3063.0,3625.0,0.0,0.0,0.0,0.0,3625.0,0.0,0.0,0.0,0.0,0.0,1
90000.0,37,1,2,2,0,0,-2,61584.0,62983.0,61107.0,61976.0,326.0,476.0,3000.0,0.0,3000.0,326.0,476.0,476.0,1
50000.0,36,2,0,0,2,2,2,37397.0,40292.0,43073.0,44067.0,44955.0,44081.0,3500.0,3452.0,2000.0,1738.0,0.0,4000.0,1
120000.0,27,2,2,2,2,0,0,113354.0,115503.0,121861.0,117485.0,118381.0,115604.0,6200.0,10900.0,0.0,5000.0,4800.0,4505.0,1
90000.0,42,2,0,0,0,0,0,88346.0,85975.0,86302.0,67592.0,69518.0,68228.0,3500.0,3500.0,3000.0,3000.0,3000.0,2800.0,1
50000.0,23,2,2,-2,-2,-2,-1,4338.0,0.0,0.0,0.0,0.0,74.0,0.0,0.0,0.0,0.0,74.0,390.0,1
20000.0,35,0,0,0,0,0,0,19600.0,19694.0,19945.0,20051.0,19472.0,19830.0,1312.0,1363.0,1249.0,1000.0,2000.0,1000.0,1
30000.0,43,2,0,0,0,0,0,30346.0,29885.0,20453.0,16076.0,15844.0,15785.0,1702.0,1531.0,1544.0,702.0,724.0,557.0,1
50000.0,30,0,0,0,0,-2,-2,34811.0,30753.0,6680.0,0.0,0.0,0.0,2000.0,1000.0,0.0,0.0,0.0,0.0,1
50000.0,47,0,0,0,0,0,0,50883.0,51117.0,51125.0,50497.0,50544.0,50555.0,2200.0,5300.0,2000.0,2000.0,2000.0,2000.0,1
30000.0,43,2,2,2,2,2,2,15246.0,17838.0,17272.0,18131.0,17711.0,19007.0,3141.0,0.0,1434.0,0.0,1581.0,1705.0,1
40000.0,30,2,2,2,2,2,2,14408.0,15370.0,16320.0,16456.0,16492.0,16086.0,1500.0,1500.0,700.0,600.0,0.0,1600.0,1
10000.0,42,1,2,0,0,0,0,9980.0,9178.0,7912.0,4838.0,10096.0,10112.0,1000.0,1517.0,194.0,6700.0,1000.0,1500.0,1
50000.0,25,3,3,2,2,2,0,26798.0,27274.0,27529.0,28280.0,27691.0,28278.0,1200.0,1000.0,1500.0,0.0,1200.0,1200.0,1
300000.0,31,-1,-1,-1,-1,-1,-1,360.0,360.0,360.0,360.0,980.0,360.0,360.0,360.0,360.0,980.0,360.0,3420.0,1
50000.0,37,0,0,0,0,0,0,37603.0,38672.0,39949.0,40225.0,25517.0,20655.0,2000.0,2200.0,1400.0,1000.0,1000.0,1000.0,1
20000.0,23,1,2,2,2,2,0,16332.0,18111.0,18325.0,18391.0,14235.0,18955.0,2500.0,1000.0,600.0,0.0,5000.0,1300.0,1
90000.0,53,-1,0,0,0,0,0,24782.0,26302.0,27465.0,27943.0,26152.0,25941.0,3000.0,3000.0,2000.0,1000.0,936.0,1010.0,1
130000.0,27,2,2,2,0,0,0,73561.0,70071.0,68392.0,69435.0,67790.0,69248.0,3500.0,0.0,2798.0,3500.0,2627.0,3000.0,1
30000.0,33,2,0,0,0,0,-1,17011.0,15720.0,18443.0,7138.0,7638.0,5884.0,2000.0,3000.0,1000.0,500.0,5884.0,0.0,1
230000.0,35,1,-2,-2,-2,-2,-2,0.0,0.0,0.0,0.0,0.0,0.0,0.0,0.0,0.0,0.0,0.0,0.0,1
50000.0,29,-1,2,2,2,2,0,53746.0,51631.0,50880.0,51034.0,46154.0,42852.0,0.0,5160.0,1753.0,0.0,1508.0,5000.0,1
70000.0,42,2,2,2,2,2,2,44689.0,45669.0,46621.0,45573.0,48678.0,47744.0,2000.0,2000.0,0.0,4000.0,0.0,2000.0,1
110000.0,29,2,2,2,2,2,2,95690.0,105101.0,105676.0,106506.0,103591.0,109276.0,11000.0,3800.0,4000.0,0.0,8800.0,0.0,1
50000.0,31,0,0,0,0,0,0,49139.0,49281.0,42472.0,44810.0,45699.0,46675.0,1707.0,1948.0,11746.0,1635.0,1712.0,4000.0,1
200000.0,42,1,-1,-1,-1,-1,-1,0.0,581.0,581.0,581.0,581.0,581.0,581.0,581.0,581.0,581.0,581.0,581.0,1
190000.0,33,-2,-2,-2,-2,-2,-1,-2650.0,-2650.0,-2650.0,-5036.0,-5036.0,93493.0,0.0,1941.0,0.0,0.0,98529.0,3188.0,1
320000.0,42,-1,-1,-2,-2,-2,-2,8144.0,0.0,0.0,0.0,0.0,0.0,0.0,0.0,0.0,0.0,0.0,0.0,1
90000.0,24,0,0,0,0,0,0,13141.0,14526.0,15482.0,18219.0,22737.0,23387.0,1600.0,1500.0,3000.0,5000.0,1020.0,764.0,1
60000.0,36,-1,2,2,-1,-1,-2,780.0,390.0,-2750.0,360.0,-30.0,-420.0,0.0,0.0,5500.0,0.0,0.0,0.0,1
50000.0,33,0,0,0,0,0,0,53282.0,50936.0,49911.0,19817.0,20492.0,20365.0,3000.0,2300.0,715.0,1000.0,878.0,1000.0,1
100000.0,28,2,0,0,2,2,2,21117.0,22163.0,26789.0,26065.0,27615.0,28122.0,1400.0,5000.0,0.0,2300.0,1100.0,1300.0,1
300000.0,54,-1,-1,-1,-1,-1,-1,206.0,555.0,0.0,718.0,468.0,366.0,555.0,0.0,718.0,468.0,366.0,0.0,1
220000.0,29,3,3,2,2,2,0,4695.0,4488.0,4283.0,5807.0,5568.0,5827.0,0.0,0.0,1587.0,0.0,500.0,586.0,1
130000.0,24,0,0,0,0,0,0,114466.0,106911.0,106971.0,57434.0,58593.0,60504.0,4600.0,4500.0,2802.0,2050.0,2800.0,2300.0,1
20000.0,40,1,2,2,2,3,2,8545.0,10177.0,10467.0,11987.0,11503.0,11175.0,1923.0,600.0,2000.0,0.0,0.0,1000.0,1
430000.0,36,0,0,0,0,0,0,258212.0,232225.0,237297.0,240682.0,245337.0,242481.0,10500.0,10300.0,9000.0,8541.0,9054.0,8543.0,1
150000.0,41,3,2,2,0,0,2,111056.0,113467.0,110235.0,111376.0,154802.0,152304.0,5700.0,0.0,4500.0,45500.0,0.0,5400.0,1
20000.0,37,1,-2,-1,2,2,-2,-113.0,-113.0,10887.0,10413.0,-245.0,-245.0,1575.0,11000.0,0.0,0.0,0.0,5100.0,1
150000.0,36,2,0,0,0,0,0,86333.0,88931.0,92441.0,102903.0,105240.0,109479.0,4000.0,5000.0,12000.0,4000.0,6000.0,50000.0,1
30000.0,24,1,2,2,2,0,0,27262.0,26545.0,28590.0,27831.0,28433.0,30257.0,0.0,2800.0,0.0,1050.0,2300.0,0.0,1
20000.0,56,-1,2,-1,-1,0,-1,190.0,2946.0,1473.0,780.0,390.0,1738.0,1473.0,1473.0,780.0,0.0,1766.0,0.0,1
80000.0,41,1,-1,0,0,0,-1,-1645.0,78379.0,76304.0,52774.0,11855.0,48944.0,85900.0,3409.0,1178.0,1926.0,52964.0,1804.0,1
320000.0,33,1,-2,-2,-2,-2,-2,0.0,0.0,0.0,0.0,0.0,0.0,0.0,0.0,0.0,0.0,0.0,0.0,1
30000.0,56,2,2,2,2,2,2,14909.0,15565.0,16620.0,16056.0,17386.0,16968.0,1200.0,1600.0,0.0,1600.0,0.0,700.0,1
20000.0,25,0,0,0,0,0,0,19770.0,19463.0,20998.0,19468.0,36702.0,0.0,1465.0,4000.0,0.0,367.0,0.0,0.0,1
100000.0,24,0,0,0,0,0,0,87478.0,88627.0,92187.0,95030.0,29470.0,3470.0,3500.0,5000.0,5000.0,4000.0,3000.0,5000.0,1
150000.0,27,-2,-2,-2,-2,-2,-2,5560.0,0.0,0.0,0.0,0.0,0.0,0.0,0.0,0.0,0.0,0.0,0.0,1
80000.0,54,0,0,0,0,0,0,80449.0,77652.0,77980.0,79938.0,50209.0,49762.0,2779.0,3075.0,5000.0,1750.0,1810.0,3000.0,1
20000.0,31,3,2,2,2,0,0,11358.0,10884.0,13109.0,12602.0,13093.0,13433.0,0.0,2716.0,0.0,700.0,700.0,500.0,1
50000.0,51,0,0,0,0,0,0,22000.0,20454.0,21899.0,20895.0,11241.0,-861.0,2000.0,2100.0,2000.0,1000.0,0.0,39500.0,1
370000.0,30,-1,-1,-1,-1,-1,-1,25588.0,1259.0,1259.0,3661.0,4484.0,24233.0,2096.0,1263.0,3665.0,4488.0,24262.0,11175.0,1
30000.0,45,1,2,2,2,2,2,14728.0,15777.0,17224.0,18241.0,18446.0,18009.0,1600.0,2000.0,1600.0,800.0,0.0,1600.0,1
60000.0,31,0,0,0,0,2,0,32632.0,34099.0,35525.0,38820.0,38066.0,39681.0,2000.0,2000.0,3900.0,0.0,2400.0,1500.0,1
10000.0,52,1,4,3,2,2,0,8546.0,8267.0,7992.0,8610.0,8325.0,8441.0,0.0,0.0,900.0,0.0,400.0,900.0,1
30000.0,47,2,2,2,2,2,2,16039.0,17080.0,17302.0,17521.0,17893.0,18252.0,1600.0,800.0,800.0,800.0,800.0,0.0,1
30000.0,24,2,2,0,0,0,0,16035.0,15493.0,16197.0,16669.0,16865.0,17199.0,0.0,1270.0,742.0,613.0,615.0,646.0,1
280000.0,37,-1,2,-1,-1,-1,-1,2560.0,2343.0,4689.0,2289.0,1700.0,803.0,0.0,4689.0,2300.0,1725.0,803.0,129.0,1
20000.0,24,1,-2,-2,-2,-2,-1,0.0,0.0,0.0,0.0,0.0,1273.0,0.0,0.0,0.0,0.0,1273.0,0.0,1
20000.0,24,3,2,0,0,0,0,18585.0,18003.0,19012.0,19100.0,19506.0,20037.0,0.0,1612.0,700.0,714.0,861.0,393.0,1
50000.0,25,2,2,2,0,0,0,19775.0,21679.0,18566.0,19918.0,19584.0,18508.0,3800.0,0.0,2000.0,1500.0,1000.0,2000.0,1
120000.0,29,-1,2,2,2,-2,-2,5521.0,2197.0,1010.0,0.0,0.0,0.0,1010.0,0.0,0.0,0.0,0.0,0.0,1
410000.0,41,0,0,0,0,0,0,354506.0,363666.0,369776.0,368779.0,369358.0,368043.0,14600.0,15500.0,14000.0,13580.0,14000.0,19000.0,1
50000.0,28,1,2,2,2,0,0,9500.0,7913.0,9572.0,9281.0,8835.0,9038.0,0.0,1800.0,0.0,400.0,350.0,400.0,1
180000.0,44,0,0,2,0,0,0,7668.0,10006.0,7996.0,8960.0,6310.0,4656.0,2489.0,0.0,1166.0,126.0,112.0,244.0,1
100000.0,33,5,4,3,2,2,2,90822.0,88562.0,86256.0,87150.0,85636.0,91007.0,0.0,0.0,3200.0,0.0,6803.0,6950.0,1
20000.0,44,0,0,0,0,0,0,18091.0,17237.0,16419.0,17144.0,17855.0,18567.0,1600.0,1600.0,1300.0,1000.0,1000.0,950.0,1
100000.0,29,4,3,2,0,0,-1,175441.0,153992.0,132132.0,114431.0,116766.0,95961.0,0.0,0.0,0.0,2335.0,102075.0,0.0,1
200000.0,37,-2,-1,-1,-1,0,0,500.0,598.0,1946.0,11900.0,6344.0,4747.0,598.0,1950.0,11921.0,4.0,3.0,1201.0,1
200000.0,28,3,2,2,7,7,7,2443.0,2443.0,2443.0,2443.0,2443.0,2443.0,0.0,0.0,0.0,0.0,0.0,0.0,1
30000.0,25,2,2,2,2,2,2,14420.0,15390.0,14846.0,16098.0,15700.0,16784.0,1500.0,0.0,1500.0,0.0,1500.0,0.0,1
440000.0,47,1,-1,-1,-1,-1,-1,-6.0,1160.0,1807.0,-11.0,2220.0,165.0,1166.0,1891.0,0.0,2231.0,165.0,1573.0,1
240000.0,32,2,2,2,0,0,0,127418.0,135942.0,132640.0,135320.0,138523.0,141618.0,10400.0,0.0,4500.0,5000.0,5000.0,5000.0,1
20000.0,35,0,0,0,0,2,2,11043.0,11770.0,13188.0,18318.0,18419.0,18978.0,1200.0,1600.0,5700.0,700.0,1000.0,0.0,1
50000.0,35,0,0,2,2,0,0,5219.0,7633.0,8562.0,8276.0,8638.0,8851.0,2500.0,1200.0,0.0,500.0,500.0,500.0,1
30000.0,25,0,0,0,0,0,0,21020.0,21207.0,21403.0,21074.0,21289.0,21425.0,2000.0,2000.0,1500.0,2000.0,1000.0,1000.0,1
500000.0,45,-1,-1,-1,-1,-1,-1,5307.0,6583.0,5650.0,4472.0,67798.0,65653.0,6616.0,5678.0,4495.0,67969.0,65814.0,38464.0,1
50000.0,25,0,0,0,0,0,0,50479.0,48294.0,48735.0,45036.0,19246.0,18872.0,1649.0,11890.0,1367.0,668.0,675.0,673.0,1
60000.0,25,2,2,2,0,0,0,36090.0,22083.0,15444.0,13695.0,17598.0,17472.0,2017.0,5.0,1000.0,5000.0,1000.0,603.0,1
220000.0,43,1,-2,-2,-2,-2,-2,0.0,0.0,0.0,0.0,0.0,0.0,0.0,0.0,0.0,0.0,0.0,0.0,1
160000.0,57,-1,-1,-2,-2,-1,-1,759.0,-660.0,-660.0,-660.0,340.0,596.0,209.0,0.0,0.0,1000.0,596.0,1436.0,1
60000.0,40,0,0,0,-1,-1,-1,28738.0,30216.0,23720.0,1569.0,5580.0,2211.0,4000.0,1010.0,1569.0,5580.0,2211.0,0.0,1
50000.0,25,1,2,0,0,0,0,15491.0,15934.0,17168.0,18376.0,19068.0,19760.0,1000.0,1500.0,1500.0,1000.0,1000.0,2500.0,1
30000.0,27,2,2,2,2,2,2,27896.0,26835.0,28690.0,27633.0,29184.0,28776.0,0.0,2659.0,0.0,2309.0,1087.0,0.0,1
80000.0,27,3,2,0,0,0,3,71965.0,70232.0,71794.0,73125.0,82798.0,81336.0,0.0,3278.0,3211.0,11457.0,0.0,0.0,1
20000.0,23,0,0,2,0,0,0,12483.0,15032.0,14506.0,15516.0,15561.0,15910.0,3071.0,0.0,1555.0,600.0,600.0,700.0,1
20000.0,48,1,2,2,3,2,2,14589.0,16743.0,17522.0,17055.0,10400.0,0.0,2700.0,1400.0,0.0,0.0,0.0,0.0,1
20000.0,22,4,3,2,2,2,2,19529.0,18937.0,18335.0,19530.0,19076.0,20444.0,0.0,0.0,1500.0,0.0,1700.0,0.0,1
160000.0,54,-1,2,-1,0,0,0,780.0,390.0,1560.0,1170.0,780.0,390.0,0.0,1560.0,0.0,0.0,0.0,390.0,1
30000.0,50,2,0,0,0,0,0,46868.0,42397.0,38569.0,33570.0,19895.0,30125.0,1800.0,2200.0,1400.0,2000.0,30000.0,997.0,1
120000.0,27,0,0,0,0,0,2,85492.0,83567.0,78276.0,78971.0,80907.0,79219.0,3500.0,4326.0,3000.0,9000.0,0.0,3000.0,1
70000.0,28,0,0,0,0,0,0,48910.0,50171.0,51238.0,52196.0,53747.0,47695.0,2050.0,2100.0,2000.0,2000.0,2100.0,1500.0,1
230000.0,27,1,2,0,0,0,0,13668.0,12647.0,13135.0,10596.0,9218.0,5068.0,0.0,1064.0,423.0,313.0,1000.0,4641.0,1
20000.0,44,1,2,0,0,0,0,6535.0,6285.0,7672.0,8390.0,9101.0,9796.0,0.0,1500.0,1000.0,1000.0,1000.0,1000.0,1
320000.0,43,-1,0,0,0,0,0,18625.0,28143.0,32159.0,31851.0,3105.0,-45.0,10000.0,5000.0,0.0,0.0,0.0,0.0,1
20000.0,36,8,7,6,5,4,3,24166.0,23845.0,23214.0,22583.0,21662.0,21031.0,0.0,0.0,0.0,0.0,0.0,0.0,1
30000.0,46,3,2,0,0,0,0,13784.0,13277.0,13984.0,14350.0,14650.0,15156.0,0.0,1234.0,600.0,532.0,750.0,825.0,1
90000.0,28,0,0,2,2,2,2,87916.0,87459.0,88183.0,91204.0,89687.0,91060.0,5800.0,5400.0,5804.0,0.0,6700.0,0.0,1
150000.0,32,0,0,0,0,0,0,143706.0,140120.0,138520.0,139329.0,142149.0,111435.0,6010.0,5007.0,5016.0,10101.0,5006.0,4015.0,1
50000.0,25,2,0,0,0,0,0,47987.0,49084.0,46759.0,8195.0,8367.0,8534.0,2690.0,2359.0,293.0,304.0,306.0,316.0,1
80000.0,29,2,2,0,0,2,4,69578.0,67871.0,68782.0,73955.0,79128.0,82275.0,0.0,2600.0,6332.0,7000.0,5000.0,0.0,1
30000.0,22,-1,-1,2,0,0,0,14885.0,16579.0,17498.0,25032.0,25626.0,27191.0,1939.0,1500.0,8213.0,1000.0,2000.0,3200.0,1
90000.0,24,0,0,2,2,2,2,26928.0,29773.0,30091.0,30922.0,34112.0,34280.0,3600.0,1100.0,1630.0,4000.0,1200.0,0.0,1
130000.0,28,2,2,0,0,0,0,70952.0,69264.0,70184.0,8518.0,11296.0,6514.0,0.0,3000.0,2000.0,3000.0,2000.0,0.0,1
30000.0,25,1,2,0,0,0,0,29304.0,28534.0,29906.0,30524.0,28915.0,29524.0,0.0,1831.0,1449.0,1100.0,1051.0,1281.0,1
80000.0,37,0,0,0,0,0,0,81218.0,74073.0,68763.0,69192.0,70574.0,70470.0,2527.0,3691.0,2337.0,2512.0,2743.0,2463.0,1
400000.0,42,0,-1,-1,0,0,-1,2984.0,3353.0,8372.0,7743.0,4984.0,3027.0,3369.0,8379.0,1074.0,124.0,3042.0,2891.0,1
70000.0,49,1,2,0,0,2,2,38228.0,37318.0,38061.0,42545.0,43346.0,44105.0,0.0,1649.0,5133.0,1800.0,1600.0,1900.0,1
80000.0,49,-1,-1,-1,-1,-1,0,390.0,390.0,390.0,390.0,780.0,390.0,390.0,390.0,390.0,780.0,0.0,390.0,1
500000.0,40,-1,-1,-1,-1,-1,-1,11640.0,12831.0,11520.0,12486.0,11609.0,12660.0,12836.0,11525.0,12489.0,11614.0,12665.0,543.0,1
120000.0,51,2,2,0,0,0,0,137965.0,128953.0,126516.0,123530.0,95921.0,88090.0,0.0,4940.0,4806.0,4107.0,4026.0,85750.0,1
160000.0,29,1,-2,-2,-2,-2,-2,0.0,0.0,4150.0,2065.0,0.0,500.0,0.0,4150.0,2065.0,0.0,500.0,0.0,1
50000.0,38,0,0,0,0,-2,-2,6350.0,3239.0,4166.0,0.0,0.0,0.0,1100.0,1000.0,0.0,0.0,0.0,0.0,1
